Performance_Score,Leadership_Score,Training_Hours,Projects_Handled,Peer_Review_Score,Promotion_Eligible,Leadership_Index,Performance_Index,Potential_Index,Growth_Momentum,Leadership_Influence,Performance_Consistency
2.0,44.0,42.0,19.0,61.0,0.0,54.2,23.1,50.0,0.4418604651162791,1.3555555555555556,38.0
5.0,45.0,66.0,11.0,6.0,0.0,21.6,6.5,37.800000000000004,0.16417910447761194,0.13043478260869565,55.0
5.0,19.0,96.0,6.0,86.0,0.0,59.2,29.5,76.60000000000001,0.061855670103092786,4.3,30.0
4.0,51.0,16.0,6.0,52.0,0.0,51.6,18.8,37.400000000000006,0.35294117647058826,1.0,24.0
4.0,64.0,57.0,16.0,59.0,0.0,61.0,22.9,59.2,0.27586206896551724,0.9076923076923077,64.0
1.0,76.0,143.0,19.0,32.0,1.0,49.6,13.9,85.2,0.13194444444444445,0.4155844155844156,19.0
4.0,75.0,98.0,5.0,91.0,0.0,84.6,30.3,90.6,0.050505050505050504,1.1973684210526316,20.0
3.0,67.0,145.0,8.0,19.0,0.0,38.2,8.8,79.0,0.0547945205479452,0.27941176470588236,24.0
2.0,75.0,184.0,19.0,36.0,0.0,51.599999999999994,15.6,103.00000000000001,0.10270270270270271,0.47368421052631576,38.0
1.0,92.0,71.0,1.0,1.0,0.0,37.400000000000006,1.0,47.2,0.013888888888888888,0.010752688172043012,1.0
4.0,51.0,63.0,5.0,94.0,1.0,76.8,31.2,73.0,0.078125,1.8076923076923077,20.0
4.0,15.0,108.0,10.0,34.0,0.0,26.4,14.2,59.800000000000004,0.09174311926605505,2.125,40.0
1.0,95.0,127.0,2.0,87.0,1.0,90.19999999999999,26.999999999999996,104.60000000000001,0.015625,0.90625,2.0
4.0,47.0,61.0,14.0,53.0,1.0,50.599999999999994,20.7,55.00000000000001,0.22580645161290322,1.1041666666666667,56.0
4.0,22.0,143.0,14.0,48.0,0.0,37.599999999999994,19.2,80.80000000000001,0.09722222222222222,2.0869565217391304,56.0
4.0,1.0,186.0,2.0,3.0,0.0,2.1999999999999997,3.3,75.80000000000001,0.0106951871657754,1.5,8.0
1.0,69.0,31.0,10.0,68.0,0.0,68.4,22.9,53.400000000000006,0.3125,0.9714285714285714,10.0
3.0,51.0,72.0,2.0,51.0,0.0,51.0,17.2,59.400000000000006,0.0273972602739726,0.9807692307692307,6.0
1.0,93.0,57.0,17.0,87.0,0.0,89.4,30.0,76.20000000000002,0.29310344827586204,0.925531914893617,17.0
1.0,62.0,36.0,12.0,73.0,1.0,68.6,24.799999999999997,56.0,0.32432432432432434,1.1587301587301588,12.0
4.0,27.0,18.0,18.0,50.0,1.0,40.8,20.6,32.6,0.9473684210526315,1.7857142857142858,72.0
3.0,22.0,122.0,6.0,77.0,0.0,55.0,25.799999999999997,84.00000000000001,0.04878048780487805,3.347826086956522,18.0
2.0,1.0,197.0,10.0,80.0,1.0,48.4,27.0,111.00000000000001,0.050505050505050504,40.0,20.0
5.0,33.0,102.0,18.0,51.0,0.0,43.8,21.4,67.8,0.17475728155339806,1.5,90.0
2.0,80.0,180.0,10.0,88.0,0.0,84.8,29.4,123.2,0.055248618784530384,1.0864197530864197,20.0
4.0,88.0,4.0,7.0,62.0,1.0,72.4,22.0,44.0,1.4,0.6966292134831461,28.0
2.0,10.0,131.0,16.0,56.0,0.0,37.6,21.0,76.80000000000001,0.12121212121212122,5.090909090909091,32.0
3.0,51.0,40.0,14.0,12.0,0.0,27.6,7.9,31.0,0.34146341463414637,0.23076923076923078,42.0
3.0,52.0,102.0,0.0,8.0,0.0,25.6,3.9,54.400000000000006,0.0,0.1509433962264151,0.0
4.0,62.0,192.0,2.0,4.0,0.0,27.2,3.5999999999999996,90.80000000000001,0.010362694300518135,0.06349206349206349,8.0
3.0,61.0,13.0,8.0,51.0,0.0,55.0,18.4,37.800000000000004,0.5714285714285714,0.8225806451612904,24.0
4.0,38.0,170.0,13.0,16.0,1.0,24.8,9.399999999999999,82.0,0.07602339181286549,0.41025641025641024,52.0
4.0,18.0,38.0,14.0,2.0,0.0,8.4,5.4,19.6,0.358974358974359,0.10526315789473684,56.0
1.0,1.0,56.0,18.0,75.0,0.0,45.4,26.6,52.60000000000001,0.3157894736842105,37.5,18.0
2.0,42.0,80.0,10.0,45.0,0.0,43.8,16.5,58.4,0.12345679012345678,1.0465116279069768,20.0
1.0,30.0,31.0,14.0,53.0,0.0,43.8,19.2,39.6,0.4375,1.7096774193548387,14.0
4.0,64.0,79.0,10.0,19.0,0.0,37.0,9.7,52.0,0.125,0.2923076923076923,40.0
5.0,51.0,82.0,17.0,21.0,1.0,33.0,12.2,51.400000000000006,0.20481927710843373,0.40384615384615385,85.0
5.0,51.0,28.0,15.0,41.0,1.0,45.0,17.799999999999997,37.800000000000004,0.5172413793103449,0.7884615384615384,75.0
4.0,63.0,170.0,10.0,78.0,0.0,72.0,27.4,111.80000000000001,0.05847953216374269,1.21875,40.0
5.0,10.0,128.0,10.0,39.0,1.0,27.4,16.2,68.80000000000001,0.07751937984496124,3.5454545454545454,50.0
2.0,89.0,115.0,7.0,54.0,0.0,68.0,18.6,85.39999999999999,0.0603448275862069,0.6,14.0
1.0,12.0,74.0,10.0,6.0,0.0,8.4,4.3,34.4,0.13333333333333333,0.46153846153846156,10.0
2.0,92.0,49.0,19.0,68.0,0.0,77.6,25.2,65.2,0.38,0.7311827956989247,38.0
3.0,62.0,25.0,10.0,64.0,0.0,63.2,22.7,48.0,0.38461538461538464,1.0158730158730158,30.0
1.0,51.0,171.0,2.0,79.0,0.0,67.8,24.599999999999998,110.2,0.011627906976744186,1.5192307692307692,2.0
1.0,49.0,72.0,5.0,59.0,1.0,55.0,19.2,62.2,0.0684931506849315,1.18,5.0
2.0,12.0,179.0,17.0,73.0,0.0,48.599999999999994,26.299999999999997,103.20000000000002,0.09444444444444444,5.615384615384615,34.0
4.0,29.0,102.0,19.0,98.0,1.0,70.4,35.2,85.8,0.18446601941747573,3.2666666666666666,76.0
2.0,53.0,94.0,13.0,13.0,0.0,29.000000000000004,7.5,53.400000000000006,0.1368421052631579,0.24074074074074073,26.0
5.0,36.0,157.0,10.0,33.0,0.0,34.2,14.4,83.2,0.06329113924050633,0.8918918918918919,50.0
2.0,24.0,92.0,12.0,46.0,1.0,37.2,17.2,60.0,0.12903225806451613,1.84,24.0
5.0,34.0,142.0,2.0,15.0,0.0,22.6,7.4,69.60000000000001,0.013986013986013986,0.42857142857142855,10.0
2.0,45.0,36.0,13.0,74.0,0.0,62.4,25.8,53.0,0.35135135135135137,1.608695652173913,26.0
4.0,54.0,189.0,3.0,21.0,0.0,34.2,8.9,94.80000000000001,0.015789473684210527,0.38181818181818183,12.0
3.0,81.0,84.0,11.0,25.0,1.0,47.4,11.2,59.8,0.12941176470588237,0.3048780487804878,33.0
3.0,16.0,106.0,8.0,7.0,0.0,10.600000000000001,5.2,48.400000000000006,0.07476635514018691,0.4117647058823529,24.0
4.0,62.0,60.0,1.0,7.0,0.0,29.0,4.300000000000001,39.2,0.01639344262295082,0.1111111111111111,4.0
3.0,13.0,147.0,18.0,6.0,1.0,8.8,6.8999999999999995,63.800000000000004,0.12162162162162163,0.42857142857142855,54.0
5.0,14.0,153.0,1.0,60.0,0.0,41.6,20.7,88.0,0.006493506493506494,4.0,5.0
4.0,76.0,161.0,8.0,39.0,0.0,53.8,15.299999999999999,95.2,0.04938271604938271,0.5064935064935064,32.0
3.0,3.0,130.0,18.0,51.0,0.0,31.799999999999997,20.4,73.0,0.13740458015267176,12.75,54.0
3.0,2.0,192.0,16.0,28.0,0.0,17.6,13.100000000000001,88.40000000000002,0.08290155440414508,9.333333333333334,48.0
2.0,44.0,101.0,12.0,24.0,0.0,32.0,10.6,58.80000000000001,0.11764705882352941,0.5333333333333333,24.0
1.0,19.0,171.0,17.0,82.0,1.0,56.8,28.5,105.00000000000001,0.09883720930232558,4.1,17.0
2.0,9.0,127.0,4.0,36.0,1.0,25.2,12.6,67.0,0.03125,3.6,8.0
1.0,24.0,31.0,18.0,15.0,1.0,18.6,8.6,23.2,0.5625,0.6,18.0
4.0,3.0,192.0,4.0,67.0,0.0,41.4,22.9,104.2,0.02072538860103627,16.75,16.0
2.0,83.0,189.0,11.0,25.0,0.0,48.2,10.7,102.20000000000002,0.05789473684210526,0.2976190476190476,22.0
4.0,86.0,91.0,18.0,0.0,0.0,34.4,5.6,53.599999999999994,0.1956521739130435,0.0,72.0
3.0,3.0,180.0,7.0,27.0,0.0,17.4,11.0,83.39999999999999,0.03867403314917127,6.75,21.0
2.0,8.0,5.0,9.0,51.0,1.0,33.8,18.099999999999998,24.000000000000004,1.5,5.666666666666667,18.0
5.0,56.0,66.0,15.0,32.0,1.0,41.6,15.1,50.400000000000006,0.22388059701492538,0.5614035087719298,75.0
3.0,47.0,92.0,9.0,69.0,0.0,60.2,24.0,73.80000000000001,0.0967741935483871,1.4375,27.0
5.0,28.0,196.0,19.0,85.0,0.0,62.2,31.8,118.0,0.09644670050761421,2.9310344827586206,95.0
5.0,57.0,171.0,9.0,23.0,1.0,36.6,11.2,89.00000000000001,0.05232558139534884,0.39655172413793105,45.0
1.0,88.0,191.0,8.0,68.0,0.0,76.0,22.5,121.20000000000002,0.041666666666666664,0.7640449438202247,8.0
5.0,34.0,102.0,4.0,60.0,0.0,49.6,21.3,71.60000000000001,0.038834951456310676,1.7142857142857142,20.0
2.0,13.0,105.0,6.0,84.0,0.0,55.6,27.4,78.19999999999999,0.05660377358490566,6.0,12.0
4.0,33.0,24.0,4.0,46.0,0.0,40.8,16.599999999999998,34.6,0.16,1.3529411764705883,16.0
5.0,45.0,197.0,14.0,25.0,0.0,33.0,12.8,97.80000000000001,0.0707070707070707,0.5434782608695652,70.0
1.0,11.0,111.0,10.0,92.0,1.0,59.599999999999994,30.099999999999998,83.40000000000002,0.08928571428571429,7.666666666666667,10.0
5.0,63.0,141.0,16.0,52.0,0.0,56.400000000000006,21.3,89.80000000000001,0.11267605633802817,0.8125,80.0
4.0,47.0,89.0,10.0,81.0,0.0,67.4,28.3,77.4,0.1111111111111111,1.6875,40.0
2.0,89.0,91.0,19.0,51.0,0.0,66.2,20.1,74.6,0.20652173913043478,0.5666666666666667,38.0
5.0,78.0,21.0,2.0,34.0,0.0,51.6,13.1,37.6,0.09090909090909091,0.43037974683544306,10.0
3.0,65.0,41.0,19.0,19.0,0.0,37.4,11.0,37.0,0.4523809523809524,0.2878787878787879,57.0
4.0,6.0,9.0,9.0,32.0,1.0,21.6,13.399999999999999,17.6,0.9,4.571428571428571,36.0
5.0,89.0,91.0,13.0,51.0,1.0,66.2,20.4,74.6,0.14130434782608695,0.5666666666666667,65.0
4.0,20.0,84.0,0.0,65.0,0.0,47.0,21.5,63.6,0.0,3.0952380952380953,0.0
4.0,51.0,132.0,14.0,20.0,0.0,32.400000000000006,10.8,71.0,0.10526315789473684,0.38461538461538464,56.0
4.0,59.0,131.0,17.0,86.0,0.0,75.2,31.200000000000003,98.60000000000001,0.12878787878787878,1.4333333333333333,68.0
4.0,27.0,148.0,10.0,51.0,1.0,41.4,19.299999999999997,85.00000000000001,0.06711409395973154,1.8214285714285714,40.0
1.0,60.0,120.0,3.0,82.0,0.0,73.19999999999999,25.7,92.80000000000001,0.024793388429752067,1.3442622950819672,3.0
1.0,35.0,66.0,4.0,98.0,0.0,72.8,30.7,72.60000000000001,0.05970149253731343,2.7222222222222223,4.0
1.0,89.0,93.0,5.0,14.0,1.0,44.0,5.7,60.60000000000001,0.05319148936170213,0.15555555555555556,5.0
3.0,28.0,123.0,16.0,47.0,1.0,39.4,18.8,73.6,0.12903225806451613,1.6206896551724137,48.0
2.0,21.0,125.0,9.0,31.0,0.0,27.0,12.099999999999998,66.6,0.07142857142857142,1.4090909090909092,18.0
3.0,78.0,89.0,16.0,88.0,0.0,84.0,31.099999999999998,86.4,0.17777777777777778,1.1139240506329113,48.0
1.0,21.0,139.0,17.0,34.0,0.0,28.799999999999997,14.1,73.4,0.12142857142857143,1.5454545454545454,17.0
4.0,39.0,141.0,5.0,79.0,0.0,63.0,26.7,95.8,0.035211267605633804,1.975,20.0
1.0,84.0,110.0,9.0,47.0,0.0,61.8,16.4,79.6,0.08108108108108109,0.5529411764705883,9.0
3.0,30.0,136.0,8.0,10.0,1.0,18.0,6.1,64.4,0.058394160583941604,0.3225806451612903,24.0
1.0,6.0,49.0,3.0,75.0,0.0,47.4,23.6,50.800000000000004,0.06,10.714285714285714,3.0
4.0,66.0,93.0,16.0,18.0,0.0,37.2,10.6,57.60000000000001,0.1702127659574468,0.26865671641791045,64.0
1.0,95.0,118.0,19.0,51.0,0.0,68.6,19.6,86.60000000000001,0.15966386554621848,0.53125,19.0
2.0,67.0,86.0,10.0,11.0,0.0,33.4,6.3,52.199999999999996,0.11494252873563218,0.16176470588235295,20.0
4.0,53.0,46.0,4.0,25.0,0.0,36.2,10.3,39.0,0.0851063829787234,0.46296296296296297,16.0
2.0,27.0,145.0,6.0,48.0,0.0,39.599999999999994,16.599999999999998,82.60000000000001,0.0410958904109589,1.7142857142857142,12.0
5.0,72.0,132.0,6.0,55.0,0.0,61.8,20.2,89.20000000000002,0.045112781954887216,0.7534246575342466,30.0
5.0,69.0,11.0,8.0,39.0,0.0,51.0,15.799999999999999,33.8,0.6666666666666666,0.5571428571428572,40.0
5.0,3.0,32.0,15.0,79.0,0.0,48.6,29.2,45.00000000000001,0.45454545454545453,19.75,75.0
3.0,44.0,101.0,9.0,5.0,0.0,20.6,4.8,51.2,0.08823529411764706,0.1111111111111111,27.0
1.0,29.0,25.0,2.0,51.0,0.0,42.2,16.2,36.2,0.07692307692307693,1.7,2.0
1.0,20.0,53.0,4.0,58.0,0.0,42.8,18.7,48.400000000000006,0.07407407407407407,2.761904761904762,4.0
4.0,52.0,132.0,8.0,2.0,0.0,22.0,4.2,64.0,0.06015037593984962,0.03773584905660377,32.0
2.0,47.0,2.0,14.0,16.0,0.0,28.4,8.6,16.6,4.666666666666667,0.3333333333333333,28.0
2.0,7.0,83.0,13.0,9.0,0.0,8.2,6.3,38.2,0.15476190476190477,1.125,26.0
4.0,95.0,110.0,9.0,11.0,0.0,44.6,7.1,67.4,0.08108108108108109,0.11458333333333333,36.0
5.0,13.0,51.0,17.0,46.0,0.0,32.8,19.7,41.400000000000006,0.3269230769230769,3.2857142857142856,85.0
2.0,71.0,62.0,0.0,67.0,0.0,68.6,21.099999999999998,65.8,0.0,0.9305555555555556,0.0
1.0,34.0,43.0,2.0,81.0,0.0,62.2,25.2,56.39999999999999,0.045454545454545456,2.3142857142857145,2.0
3.0,83.0,124.0,19.0,17.0,1.0,43.400000000000006,10.4,73.0,0.152,0.20238095238095238,57.0
2.0,51.0,102.0,10.0,33.0,0.0,40.2,12.9,64.2,0.0970873786407767,0.6346153846153846,20.0
1.0,68.0,179.0,6.0,31.0,0.0,45.8,11.0,97.60000000000002,0.03333333333333333,0.4492753623188406,6.0
5.0,59.0,154.0,16.0,85.0,0.0,74.6,31.2,107.39999999999999,0.1032258064516129,1.4166666666666667,80.0
3.0,79.0,102.0,4.0,46.0,0.0,59.2,16.099999999999998,75.0,0.038834951456310676,0.575,12.0
5.0,47.0,62.0,19.0,24.0,0.0,33.2,13.5,43.800000000000004,0.30158730158730157,0.5,95.0
1.0,5.0,117.0,12.0,32.0,1.0,21.2,12.5,60.60000000000001,0.1016949152542373,5.333333333333333,12.0
5.0,75.0,39.0,4.0,13.0,0.0,37.8,7.199999999999999,35.8,0.1,0.17105263157894737,20.0
4.0,21.0,59.0,11.0,57.0,0.0,42.599999999999994,21.299999999999997,50.60000000000001,0.18333333333333332,2.590909090909091,44.0
1.0,13.0,144.0,19.0,33.0,1.0,25.0,14.200000000000001,73.39999999999999,0.1310344827586207,2.357142857142857,19.0
5.0,11.0,24.0,16.0,51.0,0.0,35.0,21.0,32.2,0.64,4.25,80.0
4.0,65.0,93.0,8.0,3.0,0.0,27.8,4.5,51.400000000000006,0.0851063829787234,0.045454545454545456,32.0
4.0,81.0,131.0,18.0,23.0,1.0,46.199999999999996,12.5,77.80000000000001,0.13636363636363635,0.2804878048780488,72.0
5.0,25.0,0.0,3.0,89.0,0.0,63.4,29.8,40.6,3.0,3.423076923076923,15.0
5.0,29.0,156.0,12.0,57.0,1.0,45.8,22.0,91.0,0.07643312101910828,1.9,60.0
4.0,14.0,102.0,12.0,87.0,1.0,57.8,30.5,78.4,0.11650485436893204,5.8,48.0
1.0,9.0,111.0,17.0,84.0,0.0,54.0,29.1,79.8,0.15178571428571427,8.4,17.0
1.0,58.0,169.0,15.0,50.0,0.0,53.2,18.5,99.20000000000002,0.08823529411764706,0.847457627118644,15.0
5.0,79.0,186.0,16.0,35.0,0.0,52.6,16.2,104.2,0.0855614973262032,0.4375,80.0
3.0,97.0,180.0,16.0,95.0,1.0,95.80000000000001,33.2,129.4,0.08839779005524862,0.9693877551020408,48.0
2.0,24.0,151.0,15.0,51.0,0.0,40.2,19.299999999999997,85.60000000000001,0.09868421052631579,2.04,30.0
5.0,73.0,74.0,9.0,55.0,0.0,62.2,20.8,66.2,0.12,0.7432432432432432,45.0
4.0,48.0,16.0,10.0,42.0,0.0,44.400000000000006,16.6,32.800000000000004,0.5882352941176471,0.8571428571428571,40.0
3.0,11.0,157.0,5.0,17.0,0.0,14.6,7.6,71.80000000000001,0.03164556962025317,1.4166666666666667,15.0
3.0,85.0,135.0,2.0,79.0,0.0,81.4,25.599999999999998,102.6,0.014705882352941176,0.9186046511627907,6.0
2.0,26.0,186.0,7.0,79.0,0.0,57.8,26.1,111.2,0.0374331550802139,2.925925925925926,14.0
2.0,51.0,46.0,17.0,33.0,0.0,40.2,14.3,41.800000000000004,0.3617021276595745,0.6346153846153846,34.0
3.0,72.0,194.0,10.0,75.0,0.0,73.8,26.0,122.00000000000001,0.05128205128205128,1.0273972602739727,30.0
1.0,33.0,120.0,18.0,44.0,0.0,39.6,17.299999999999997,72.19999999999999,0.1487603305785124,1.2941176470588236,18.0
4.0,1.0,38.0,14.0,50.0,1.0,30.4,19.8,35.400000000000006,0.358974358974359,25.0,56.0
5.0,62.0,116.0,9.0,94.0,0.0,81.2,32.5,96.4,0.07692307692307693,1.492063492063492,45.0
3.0,49.0,141.0,5.0,82.0,0.0,68.8,27.099999999999998,99.00000000000001,0.035211267605633804,1.64,15.0
2.0,98.0,129.0,15.0,44.0,1.0,65.6,17.2,88.80000000000001,0.11538461538461539,0.4444444444444444,30.0
2.0,51.0,164.0,8.0,73.0,0.0,64.2,24.5,105.00000000000001,0.048484848484848485,1.4038461538461537,16.0
2.0,93.0,159.0,5.0,39.0,0.0,60.6,13.7,97.80000000000001,0.03125,0.4148936170212766,10.0
3.0,2.0,95.0,12.0,48.0,1.0,29.599999999999998,18.299999999999997,57.6,0.125,16.0,36.0
2.0,53.0,32.0,3.0,35.0,0.0,42.2,12.1,37.400000000000006,0.09090909090909091,0.6481481481481481,6.0
1.0,69.0,76.0,14.0,21.0,0.0,40.2,9.6,52.60000000000001,0.18181818181818182,0.3,14.0
1.0,10.0,125.0,9.0,25.0,1.0,19.0,9.8,62.0,0.07142857142857142,2.272727272727273,9.0
4.0,17.0,191.0,16.0,54.0,1.0,39.2,21.4,101.4,0.08333333333333333,3.0,64.0
4.0,73.0,30.0,12.0,72.0,0.0,72.4,26.0,55.4,0.3870967741935484,0.972972972972973,48.0
1.0,92.0,198.0,6.0,24.0,0.0,51.2,8.899999999999999,107.20000000000002,0.03015075376884422,0.25806451612903225,6.0
3.0,19.0,146.0,19.0,88.0,1.0,60.4,31.7,97.4,0.1292517006802721,4.4,57.0
4.0,6.0,83.0,8.0,8.0,1.0,7.2,6.0,37.60000000000001,0.09523809523809523,1.1428571428571428,32.0
4.0,87.0,59.0,9.0,18.0,0.0,45.6,9.2,48.2,0.15,0.20454545454545456,36.0
3.0,51.0,161.0,2.0,98.0,0.0,79.2,31.299999999999997,113.80000000000001,0.012345679012345678,1.8846153846153846,6.0
4.0,51.0,62.0,12.0,89.0,0.0,73.8,31.1,70.60000000000001,0.19047619047619047,1.7115384615384615,48.0
5.0,24.0,103.0,9.0,73.0,0.0,53.4,26.2,75.2,0.08653846153846154,2.92,45.0
5.0,10.0,173.0,3.0,79.0,1.0,51.4,26.8,102.80000000000001,0.017241379310344827,7.181818181818182,15.0
1.0,15.0,102.0,6.0,9.0,1.0,11.399999999999999,4.4,47.400000000000006,0.05825242718446602,0.5625,6.0
5.0,63.0,179.0,5.0,59.0,1.0,60.6,21.2,107.80000000000001,0.027777777777777776,0.921875,25.0
5.0,38.0,65.0,4.0,69.0,0.0,56.6,24.0,61.2,0.06060606060606061,1.7692307692307692,20.0
3.0,54.0,113.0,6.0,72.0,0.0,64.8,24.299999999999997,84.8,0.05263157894736842,1.309090909090909,18.0
4.0,0.0,148.0,10.0,56.0,0.0,33.6,20.8,81.60000000000001,0.06711409395973154,56.0,40.0
1.0,73.0,58.0,4.0,0.0,0.0,29.200000000000003,1.3,37.800000000000004,0.06779661016949153,0.0,4.0
2.0,42.0,44.0,5.0,66.0,0.0,56.400000000000006,21.8,52.4,0.1111111111111111,1.5348837209302326,10.0
2.0,9.0,187.0,10.0,35.0,0.0,24.6,13.5,90.6,0.05319148936170213,3.5,20.0
3.0,10.0,113.0,1.0,51.0,0.0,34.599999999999994,17.0,67.60000000000001,0.008771929824561403,4.636363636363637,3.0
3.0,7.0,106.0,18.0,95.0,0.0,59.8,33.6,81.80000000000001,0.16822429906542055,11.875,54.0
5.0,26.0,111.0,11.0,23.0,0.0,24.2,11.6,58.80000000000001,0.09821428571428571,0.8518518518518519,55.0
5.0,18.0,199.0,1.0,78.0,0.0,54.0,26.099999999999998,114.4,0.005,4.105263157894737,5.0
2.0,31.0,137.0,4.0,42.0,0.0,37.6,14.4,77.80000000000001,0.028985507246376812,1.3125,8.0
5.0,51.0,144.0,5.0,34.0,0.0,40.8,13.7,81.4,0.034482758620689655,0.6538461538461539,25.0
1.0,74.0,106.0,6.0,62.0,0.0,66.8,20.299999999999997,82.0,0.056074766355140186,0.8266666666666667,6.0
5.0,51.0,61.0,15.0,58.0,1.0,55.2,22.9,57.80000000000001,0.24193548387096775,1.1153846153846154,75.0
2.0,99.0,171.0,9.0,60.0,1.0,75.6,20.8,112.2,0.05232558139534884,0.6,18.0
5.0,97.0,19.0,10.0,95.0,1.0,95.80000000000001,33.0,65.0,0.5,0.9693877551020408,50.0
1.0,18.0,24.0,17.0,17.0,0.0,17.4,9.0,20.000000000000004,0.68,0.8947368421052632,17.0
1.0,68.0,23.0,18.0,6.0,1.0,30.800000000000004,5.8999999999999995,25.200000000000003,0.75,0.08695652173913043,18.0
5.0,79.0,65.0,17.0,78.0,0.0,78.4,29.299999999999997,73.0,0.25757575757575757,0.975,85.0
4.0,66.0,63.0,2.0,68.0,0.0,67.2,22.799999999999997,65.60000000000001,0.03125,1.0149253731343284,8.0
3.0,87.0,4.0,10.0,28.0,0.0,51.60000000000001,11.9,30.200000000000003,2.0,0.3181818181818182,30.0
1.0,94.0,54.0,1.0,51.0,0.0,68.2,15.999999999999998,60.8,0.01818181818181818,0.5368421052631579,1.0
1.0,39.0,1.0,6.0,77.0,0.0,61.8,24.799999999999997,39.0,3.0,1.925,6.0
2.0,66.0,64.0,14.0,17.0,0.0,36.6,8.9,45.60000000000001,0.2153846153846154,0.2537313432835821,28.0
4.0,52.0,52.0,10.0,41.0,0.0,45.4,16.299999999999997,47.6,0.18867924528301888,0.7735849056603774,40.0
2.0,22.0,102.0,6.0,90.0,1.0,62.8,29.2,81.20000000000002,0.05825242718446602,3.9130434782608696,12.0
2.0,2.0,12.0,7.0,66.0,0.0,40.4,22.200000000000003,31.6,0.5384615384615384,22.0,14.0
2.0,90.0,150.0,10.0,85.0,0.0,87.0,28.5,112.0,0.06622516556291391,0.9340659340659341,20.0
3.0,92.0,22.0,5.0,17.0,0.0,47.0,7.6,34.0,0.21739130434782608,0.1827956989247312,15.0
2.0,92.0,68.0,10.0,40.0,0.0,60.800000000000004,15.0,61.60000000000001,0.14492753623188406,0.43010752688172044,20.0
5.0,71.0,169.0,11.0,6.0,0.0,32.0,6.5,84.20000000000002,0.06470588235294118,0.08333333333333333,55.0
1.0,9.0,102.0,15.0,74.0,0.0,48.0,25.7,72.2,0.14563106796116504,7.4,15.0
3.0,20.0,181.0,11.0,62.0,0.0,45.199999999999996,22.299999999999997,101.2,0.06043956043956044,2.9523809523809526,33.0
3.0,77.0,130.0,12.0,79.0,0.0,78.2,27.6,99.0,0.0916030534351145,1.0128205128205128,36.0
4.0,24.0,3.0,9.0,53.0,0.0,41.4,19.7,27.200000000000003,2.25,2.12,36.0
4.0,64.0,89.0,7.0,24.0,1.0,40.0,10.6,58.0,0.07777777777777778,0.36923076923076925,28.0
3.0,69.0,147.0,7.0,3.0,1.0,29.400000000000002,3.8000000000000003,73.80000000000001,0.0472972972972973,0.04285714285714286,21.0
5.0,6.0,135.0,18.0,40.0,1.0,26.4,18.1,71.2,0.1323529411764706,5.714285714285714,90.0
1.0,79.0,161.0,10.0,33.0,0.0,51.400000000000006,12.4,93.4,0.06172839506172839,0.4125,10.0
5.0,49.0,72.0,15.0,75.0,1.0,64.6,28.0,68.6,0.2054794520547945,1.5,75.0
3.0,89.0,4.0,5.0,83.0,0.0,85.4,27.4,52.60000000000001,1.0,0.9222222222222223,15.0
3.0,36.0,30.0,9.0,84.0,1.0,64.8,28.5,52.800000000000004,0.2903225806451613,2.27027027027027,27.0
1.0,51.0,174.0,2.0,89.0,1.0,73.8,27.599999999999998,115.40000000000002,0.011428571428571429,1.7115384615384615,2.0
1.0,56.0,119.0,6.0,99.0,0.0,81.8,31.4,98.4,0.05,1.736842105263158,6.0
3.0,21.0,117.0,7.0,8.0,0.0,13.2,5.300000000000001,54.20000000000001,0.059322033898305086,0.36363636363636365,21.0
4.0,7.0,43.0,1.0,14.0,0.0,11.200000000000001,6.4,24.2,0.022727272727272728,1.75,4.0
5.0,39.0,35.0,1.0,62.0,0.0,52.8,21.299999999999997,46.599999999999994,0.027777777777777776,1.55,5.0
3.0,93.0,196.0,17.0,51.0,0.0,67.8,20.2,117.4,0.08629441624365482,0.5425531914893617,51.0
5.0,27.0,74.0,19.0,21.0,1.0,23.4,12.600000000000001,43.4,0.25333333333333335,0.75,95.0
4.0,13.0,150.0,8.0,44.0,1.0,31.599999999999998,16.8,80.19999999999999,0.052980132450331126,3.142857142857143,32.0
2.0,48.0,111.0,9.0,73.0,0.0,63.0,24.7,83.20000000000002,0.08035714285714286,1.489795918367347,18.0
1.0,63.0,182.0,3.0,23.0,0.0,39.0,8.0,94.6,0.01639344262295082,0.359375,3.0
3.0,22.0,85.0,9.0,70.0,0.0,50.8,24.3,66.4,0.10465116279069768,3.0434782608695654,27.0
3.0,69.0,32.0,10.0,51.0,0.0,58.2,18.799999999999997,47.0,0.30303030303030304,0.7285714285714285,30.0
2.0,66.0,186.0,8.0,86.0,0.0,78.0,28.400000000000002,122.00000000000001,0.0427807486631016,1.2835820895522387,16.0
3.0,64.0,157.0,12.0,49.0,0.0,55.0,18.6,95.2,0.0759493670886076,0.7538461538461538,36.0
3.0,92.0,112.0,18.0,50.0,0.0,66.80000000000001,20.1,83.20000000000002,0.1592920353982301,0.5376344086021505,54.0
2.0,16.0,164.0,1.0,82.0,0.0,55.599999999999994,25.799999999999997,101.60000000000001,0.006060606060606061,4.823529411764706,2.0
4.0,50.0,73.0,1.0,51.0,0.0,50.599999999999994,17.5,59.60000000000001,0.013513513513513514,1.0,4.0
1.0,45.0,36.0,13.0,51.0,0.0,48.599999999999994,18.4,43.800000000000004,0.35135135135135137,1.108695652173913,13.0
4.0,37.0,161.0,4.0,15.0,0.0,23.8,7.3,77.80000000000001,0.024691358024691357,0.39473684210526316,16.0
2.0,62.0,189.0,10.0,56.0,0.0,58.400000000000006,19.8,110.40000000000002,0.05263157894736842,0.8888888888888888,20.0
5.0,33.0,24.0,6.0,24.0,0.0,27.6,10.899999999999999,25.800000000000004,0.24,0.7058823529411765,30.0
1.0,69.0,149.0,14.0,69.0,0.0,69.0,24.0,101.0,0.09333333333333334,0.9857142857142858,14.0
5.0,10.0,181.0,11.0,70.0,0.0,46.0,25.7,102.4,0.06043956043956044,6.363636363636363,55.0
3.0,55.0,198.0,10.0,46.0,1.0,49.599999999999994,17.299999999999997,108.60000000000001,0.05025125628140704,0.8214285714285714,30.0
1.0,18.0,52.0,11.0,0.0,1.0,7.2,2.7,24.400000000000002,0.20754716981132076,0.0,11.0
5.0,66.0,93.0,1.0,48.0,0.0,55.2,17.099999999999998,69.60000000000001,0.010638297872340425,0.7164179104477612,5.0
5.0,48.0,127.0,18.0,93.0,0.0,75.0,34.0,97.6,0.140625,1.8979591836734695,90.0
3.0,50.0,178.0,0.0,30.0,0.0,38.0,10.5,93.2,0.0,0.5882352941176471,0.0
3.0,12.0,73.0,11.0,5.0,0.0,7.800000000000001,5.2,33.6,0.14864864864864866,0.38461538461538464,33.0
1.0,66.0,130.0,2.0,93.0,0.0,82.2,28.799999999999997,102.4,0.015267175572519083,1.3880597014925373,2.0
4.0,48.0,102.0,7.0,59.0,0.0,54.6,21.1,74.0,0.06796116504854369,1.2040816326530612,28.0
3.0,51.0,163.0,0.0,21.0,0.0,33.0,7.8,83.80000000000001,0.0,0.40384615384615385,0.0
1.0,8.0,73.0,9.0,19.0,1.0,14.600000000000001,8.0,38.400000000000006,0.12162162162162163,2.111111111111111,9.0
5.0,79.0,21.0,2.0,61.0,0.0,68.2,21.2,48.60000000000001,0.09090909090909091,0.7625,10.0
2.0,58.0,131.0,9.0,0.0,0.0,23.200000000000003,2.8,64.0,0.06818181818181818,0.0,18.0
2.0,41.0,168.0,8.0,71.0,0.0,59.0,23.900000000000002,103.80000000000001,0.047337278106508875,1.6904761904761905,16.0
3.0,93.0,4.0,19.0,76.0,0.0,82.80000000000001,28.1,50.6,3.8,0.8085106382978723,57.0
4.0,11.0,22.0,4.0,84.0,0.0,54.8,28.0,44.60000000000001,0.17391304347826086,7.0,16.0
3.0,22.0,42.0,9.0,51.0,0.0,39.4,18.599999999999998,41.6,0.20930232558139536,2.217391304347826,27.0
1.0,35.0,193.0,12.0,14.0,0.0,22.4,7.1000000000000005,89.8,0.061855670103092786,0.3888888888888889,12.0
2.0,35.0,127.0,10.0,73.0,0.0,57.8,24.9,87.0,0.078125,2.0277777777777777,20.0
5.0,82.0,77.0,7.0,82.0,0.0,82.0,28.5,80.00000000000001,0.08974358974358974,0.9879518072289156,35.0
4.0,71.0,65.0,7.0,37.0,0.0,50.6,14.5,55.0,0.10606060606060606,0.5138888888888888,28.0
4.0,50.0,102.0,12.0,80.0,0.0,68.0,28.4,82.80000000000001,0.11650485436893204,1.5686274509803921,48.0
2.0,85.0,39.0,18.0,48.0,0.0,62.8,19.0,51.800000000000004,0.45,0.5581395348837209,36.0
5.0,98.0,28.0,15.0,11.0,0.0,45.800000000000004,8.8,35.2,0.5172413793103449,0.1111111111111111,75.0
1.0,80.0,55.0,10.0,63.0,0.0,69.8,21.4,63.2,0.17857142857142858,0.7777777777777778,10.0
1.0,76.0,102.0,10.0,38.0,0.0,53.2,13.9,71.2,0.0970873786407767,0.4935064935064935,10.0
1.0,63.0,27.0,5.0,66.0,0.0,64.80000000000001,21.3,49.800000000000004,0.17857142857142858,1.03125,5.0
3.0,55.0,155.0,4.0,35.0,0.0,43.0,12.8,87.0,0.02564102564102564,0.625,12.0
3.0,30.0,130.0,10.0,38.0,1.0,34.8,14.9,73.2,0.07633587786259542,1.2258064516129032,30.0
1.0,70.0,27.0,4.0,28.0,0.0,44.8,9.700000000000001,36.0,0.14285714285714285,0.39436619718309857,4.0
2.0,76.0,40.0,15.0,74.0,1.0,74.8,26.2,60.800000000000004,0.36585365853658536,0.961038961038961,30.0
4.0,6.0,111.0,15.0,85.0,0.0,53.4,30.5,79.60000000000001,0.13392857142857142,12.142857142857142,60.0
2.0,57.0,153.0,16.0,29.0,0.0,40.2,12.899999999999999,84.20000000000002,0.1038961038961039,0.5,32.0
3.0,77.0,25.0,6.0,95.0,0.0,87.8,31.2,63.4,0.23076923076923078,1.2179487179487178,18.0
3.0,88.0,20.0,12.0,25.0,1.0,50.2,11.4,35.6,0.5714285714285714,0.2808988764044944,36.0
4.0,79.0,184.0,17.0,31.0,1.0,50.2,14.7,101.80000000000001,0.0918918918918919,0.3875,68.0
5.0,75.0,102.0,9.0,27.0,1.0,46.2,12.399999999999999,66.60000000000001,0.08737864077669903,0.35526315789473684,45.0
3.0,46.0,52.0,10.0,78.0,1.0,65.2,26.9,61.2,0.18867924528301888,1.6595744680851063,30.0
2.0,50.0,44.0,3.0,40.0,0.0,44.0,13.6,43.6,0.06666666666666667,0.7843137254901961,6.0
4.0,97.0,88.0,6.0,54.0,1.0,71.2,19.4,76.2,0.06741573033707865,0.5510204081632653,24.0
5.0,14.0,143.0,19.0,89.0,0.0,59.0,33.0,95.60000000000001,0.13194444444444445,5.933333333333334,95.0
3.0,35.0,105.0,12.0,52.0,0.0,45.2,19.5,69.8,0.11320754716981132,1.4444444444444444,36.0
5.0,67.0,71.0,7.0,51.0,1.0,57.4,19.2,62.2,0.09722222222222222,0.75,35.0
1.0,12.0,185.0,14.0,13.0,0.0,12.600000000000001,7.2,81.60000000000001,0.07526881720430108,1.0,14.0
1.0,62.0,89.0,6.0,32.0,0.0,44.0,11.3,60.800000000000004,0.06666666666666667,0.5079365079365079,6.0
1.0,87.0,4.0,18.0,31.0,0.0,53.400000000000006,13.399999999999999,31.400000000000002,3.6,0.3522727272727273,18.0
3.0,55.0,181.0,16.0,97.0,0.0,80.19999999999999,33.8,122.20000000000002,0.08791208791208792,1.7321428571428572,48.0
5.0,0.0,166.0,18.0,37.0,1.0,22.2,17.2,81.2,0.10778443113772455,37.0,90.0
3.0,21.0,52.0,15.0,51.0,0.0,39.0,19.799999999999997,45.400000000000006,0.2830188679245283,2.3181818181818183,45.0
3.0,0.0,130.0,11.0,75.0,0.0,45.0,26.2,82.0,0.08396946564885496,75.0,33.0
2.0,33.0,176.0,7.0,7.0,0.0,17.400000000000002,4.5,79.8,0.03954802259887006,0.20588235294117646,14.0
2.0,77.0,86.0,2.0,9.0,0.0,36.2,4.1,53.4,0.022988505747126436,0.11538461538461539,4.0
5.0,96.0,40.0,17.0,90.0,0.0,92.4,32.9,71.2,0.4146341463414634,0.9278350515463918,85.0
2.0,93.0,157.0,0.0,21.0,0.0,49.800000000000004,7.3,89.80000000000001,0.0,0.22340425531914893,0.0
5.0,21.0,73.0,10.0,55.0,0.0,41.4,21.0,55.400000000000006,0.13513513513513514,2.5,50.0
2.0,44.0,196.0,4.0,16.0,0.0,27.200000000000003,6.6,93.60000000000001,0.02030456852791878,0.35555555555555557,8.0
5.0,8.0,8.0,5.0,97.0,1.0,61.4,32.599999999999994,43.60000000000001,0.5555555555555556,10.777777777777779,25.0
3.0,53.0,164.0,19.0,62.0,1.0,58.4,23.9,101.0,0.11515151515151516,1.1481481481481481,57.0
3.0,0.0,105.0,14.0,21.0,0.0,12.6,10.600000000000001,50.4,0.1320754716981132,21.0,42.0
4.0,28.0,60.0,6.0,38.0,0.0,34.0,14.600000000000001,44.800000000000004,0.09836065573770492,1.3103448275862069,24.0
2.0,62.0,163.0,4.0,85.0,0.0,75.8,27.3,111.60000000000001,0.024390243902439025,1.3492063492063493,8.0
1.0,8.0,24.0,16.0,78.0,1.0,50.0,27.099999999999998,42.400000000000006,0.64,8.666666666666666,16.0
4.0,86.0,172.0,13.0,58.0,0.0,69.19999999999999,22.0,109.2,0.07514450867052024,0.6666666666666666,52.0
1.0,84.0,26.0,1.0,42.0,1.0,58.8,13.299999999999999,44.0,0.037037037037037035,0.49411764705882355,1.0
3.0,5.0,102.0,10.0,89.0,1.0,55.4,30.2,77.4,0.0970873786407767,14.833333333333334,30.0
1.0,79.0,107.0,6.0,83.0,0.0,81.4,26.599999999999998,91.8,0.05555555555555555,1.0375,6.0
3.0,39.0,27.0,11.0,19.0,0.0,27.0,9.4,26.200000000000003,0.39285714285714285,0.475,33.0
4.0,61.0,165.0,18.0,51.0,1.0,55.0,20.9,98.60000000000001,0.10843373493975904,0.8225806451612904,72.0
4.0,14.0,108.0,18.0,18.0,1.0,16.4,11.0,53.2,0.1651376146788991,1.2,72.0
3.0,74.0,133.0,5.0,51.0,0.0,60.2,17.799999999999997,88.4,0.03731343283582089,0.68,15.0
5.0,12.0,172.0,16.0,91.0,0.0,59.400000000000006,33.0,107.6,0.09248554913294797,7.0,80.0
2.0,39.0,114.0,7.0,97.0,0.0,73.8,31.5,92.2,0.06086956521739131,2.425,14.0
5.0,30.0,174.0,13.0,2.0,0.0,13.2,5.699999999999999,76.4,0.07428571428571429,0.06451612903225806,65.0
4.0,69.0,47.0,0.0,83.0,0.0,77.4,26.9,65.8,0.0,1.1857142857142857,0.0
2.0,58.0,153.0,6.0,77.0,0.0,69.4,25.299999999999997,103.6,0.03896103896103896,1.305084745762712,12.0
5.0,33.0,173.0,19.0,47.0,1.0,41.4,20.4,94.6,0.10919540229885058,1.3823529411764706,95.0
1.0,29.0,135.0,16.0,81.0,0.0,60.2,28.0,92.2,0.11764705882352941,2.7,16.0
5.0,44.0,90.0,10.0,10.0,0.0,23.6,7.5,48.8,0.10989010989010989,0.2222222222222222,50.0
3.0,48.0,96.0,7.0,95.0,0.0,76.2,31.4,86.0,0.07216494845360824,1.9387755102040816,21.0
1.0,62.0,133.0,13.0,78.0,0.0,71.6,26.5,96.80000000000001,0.09701492537313433,1.2380952380952381,13.0
3.0,75.0,102.0,2.0,79.0,0.0,77.4,25.599999999999998,87.4,0.019417475728155338,1.0394736842105263,6.0
1.0,74.0,180.0,19.0,88.0,0.0,82.4,30.7,122.0,0.10497237569060773,1.1733333333333333,19.0
4.0,58.0,13.0,1.0,63.0,0.0,61.0,21.099999999999998,42.0,0.07142857142857142,1.0677966101694916,4.0
2.0,5.0,140.0,19.0,94.0,0.0,58.4,33.0,94.6,0.1347517730496454,15.666666666666666,38.0
1.0,58.0,56.0,16.0,52.0,0.0,54.400000000000006,19.3,54.800000000000004,0.2807017543859649,0.8813559322033898,16.0
4.0,9.0,68.0,17.0,2.0,0.0,4.8,6.0,29.800000000000004,0.2463768115942029,0.2,68.0
4.0,65.0,41.0,1.0,60.0,0.0,62.0,20.2,53.400000000000006,0.023809523809523808,0.9090909090909091,4.0
2.0,38.0,197.0,18.0,42.0,0.0,40.4,17.2,103.2,0.09090909090909091,1.0769230769230769,36.0
2.0,32.0,27.0,5.0,6.0,1.0,16.4,3.8,19.6,0.17857142857142858,0.18181818181818182,10.0
1.0,53.0,150.0,4.0,46.0,1.0,48.8,15.1,89.0,0.026490066225165563,0.8518518518518519,4.0
3.0,71.0,22.0,6.0,9.0,1.0,33.800000000000004,5.4,26.6,0.2608695652173913,0.125,18.0
4.0,44.0,178.0,7.0,28.0,0.0,34.400000000000006,11.8,91.2,0.03910614525139665,0.6222222222222222,28.0
2.0,33.0,160.0,4.0,51.0,0.0,43.8,17.099999999999998,91.0,0.024844720496894408,1.5,8.0
3.0,78.0,166.0,1.0,30.0,0.0,49.2,10.7,94.0,0.005988023952095809,0.379746835443038,3.0
2.0,30.0,187.0,19.0,26.0,0.0,27.6,12.600000000000001,91.2,0.10106382978723404,0.8387096774193549,38.0
3.0,53.0,141.0,13.0,57.0,1.0,55.4,21.199999999999996,89.80000000000001,0.09154929577464789,1.0555555555555556,39.0
3.0,75.0,47.0,13.0,94.0,1.0,86.4,32.3,71.4,0.2708333333333333,1.236842105263158,39.0
5.0,97.0,39.0,9.0,59.0,0.0,74.2,22.0,58.60000000000001,0.225,0.6020408163265306,45.0
3.0,4.0,63.0,13.0,17.0,0.0,11.799999999999999,9.2,32.8,0.203125,3.4,39.0
2.0,47.0,102.0,9.0,14.0,1.0,27.200000000000003,7.0,55.800000000000004,0.08737864077669903,0.2916666666666667,18.0
1.0,90.0,43.0,10.0,63.0,1.0,73.8,21.4,60.400000000000006,0.22727272727272727,0.6923076923076923,10.0
4.0,66.0,44.0,2.0,31.0,0.0,45.0,11.7,43.2,0.044444444444444446,0.4626865671641791,8.0
3.0,80.0,102.0,13.0,16.0,0.0,41.6,8.899999999999999,63.2,0.1262135922330097,0.19753086419753085,39.0
1.0,57.0,143.0,11.0,50.0,0.0,52.8,17.7,88.60000000000001,0.0763888888888889,0.8620689655172413,11.0
5.0,4.0,114.0,13.0,47.0,0.0,29.8,19.2,65.2,0.11304347826086956,9.4,65.0
2.0,59.0,97.0,12.0,51.0,1.0,54.2,18.7,71.0,0.12244897959183673,0.85,24.0
4.0,70.0,133.0,11.0,76.0,0.0,73.6,27.0,97.60000000000001,0.08208955223880597,1.0704225352112675,44.0
3.0,51.0,68.0,4.0,92.0,0.0,75.6,29.9,74.2,0.057971014492753624,1.7692307692307692,12.0
3.0,48.0,24.0,4.0,56.0,1.0,52.800000000000004,19.1,41.6,0.16,1.1428571428571428,12.0
5.0,30.0,188.0,14.0,97.0,0.0,70.19999999999999,34.4,120.0,0.07407407407407407,3.129032258064516,70.0
3.0,38.0,43.0,4.0,64.0,0.0,53.6,21.5,50.4,0.09090909090909091,1.641025641025641,12.0
2.0,81.0,100.0,5.0,78.0,0.0,79.19999999999999,25.4,87.4,0.04950495049504951,0.9512195121951219,10.0
3.0,63.0,183.0,13.0,45.0,0.0,52.2,17.6,103.80000000000001,0.07065217391304347,0.703125,39.0
3.0,24.0,135.0,15.0,57.0,0.0,43.8,21.599999999999998,81.6,0.11029411764705882,2.28,45.0
2.0,56.0,165.0,6.0,69.0,1.0,63.8,22.9,104.8,0.03614457831325301,1.2105263157894737,12.0
1.0,83.0,56.0,8.0,97.0,1.0,91.4,31.2,77.80000000000001,0.14035087719298245,1.1547619047619047,8.0
3.0,98.0,191.0,7.0,5.0,0.0,42.2,4.4,98.0,0.036458333333333336,0.050505050505050504,21.0
2.0,10.0,167.0,3.0,77.0,1.0,50.199999999999996,24.7,99.6,0.017857142857142856,7.0,6.0
3.0,46.0,34.0,18.0,1.0,0.0,19.000000000000004,5.3999999999999995,23.200000000000003,0.5142857142857142,0.02127659574468085,54.0
3.0,51.0,75.0,7.0,69.0,1.0,61.8,23.6,67.8,0.09210526315789473,1.3269230769230769,21.0
4.0,18.0,164.0,11.0,24.0,0.0,21.599999999999998,11.399999999999999,78.80000000000001,0.06666666666666667,1.263157894736842,44.0
3.0,50.0,151.0,19.0,13.0,1.0,27.8,9.200000000000001,75.60000000000001,0.125,0.2549019607843137,57.0
3.0,45.0,20.0,11.0,43.0,0.0,43.8,16.6,34.2,0.5238095238095238,0.9347826086956522,33.0
4.0,82.0,107.0,3.0,42.0,1.0,58.0,15.2,76.00000000000001,0.027777777777777776,0.5060240963855421,12.0
3.0,0.0,70.0,10.0,48.0,1.0,28.799999999999997,17.9,47.2,0.14084507042253522,48.0,30.0
2.0,20.0,103.0,8.0,84.0,0.0,58.4,27.8,78.80000000000001,0.07692307692307693,4.0,16.0
3.0,49.0,199.0,4.0,17.0,1.0,29.8,7.3999999999999995,96.2,0.02,0.34,12.0
3.0,86.0,117.0,18.0,38.0,0.0,57.2,16.5,79.2,0.15254237288135594,0.4367816091954023,54.0
2.0,99.0,1.0,4.0,33.0,0.0,59.400000000000006,11.700000000000001,33.400000000000006,2.0,0.33,8.0
1.0,81.0,83.0,3.0,76.0,1.0,78.0,23.900000000000002,79.80000000000001,0.03571428571428571,0.926829268292683,3.0
3.0,64.0,94.0,0.0,57.0,0.0,59.8,18.599999999999998,73.2,0.0,0.8769230769230769,0.0
5.0,10.0,87.0,8.0,85.0,0.0,55.0,29.6,70.80000000000001,0.09090909090909091,7.7272727272727275,40.0
2.0,81.0,194.0,0.0,68.0,0.0,73.19999999999999,21.4,121.00000000000001,0.0,0.8292682926829268,0.0
1.0,51.0,10.0,1.0,90.0,0.0,74.4,27.7,50.2,0.09090909090909091,1.7307692307692308,1.0
3.0,97.0,106.0,14.0,23.0,0.0,52.6,11.2,71.00000000000001,0.1308411214953271,0.23469387755102042,42.0
3.0,38.0,111.0,15.0,53.0,0.0,47.0,20.4,73.2,0.13392857142857142,1.358974358974359,45.0
1.0,96.0,164.0,14.0,76.0,0.0,84.0,26.1,115.20000000000002,0.08484848484848485,0.7835051546391752,14.0
1.0,10.0,178.0,13.0,54.0,0.0,36.4,19.3,94.80000000000001,0.07262569832402235,4.909090909090909,13.0
5.0,76.0,16.0,3.0,36.0,0.0,52.0,13.899999999999999,36.0,0.17647058823529413,0.4675324675324675,15.0
2.0,64.0,172.0,16.0,56.0,0.0,59.2,21.0,104.0,0.09248554913294797,0.8615384615384616,32.0
3.0,81.0,106.0,14.0,51.0,0.0,63.0,19.6,79.00000000000001,0.1308411214953271,0.6219512195121951,42.0
4.0,14.0,108.0,1.0,36.0,0.0,27.2,13.0,60.4,0.009174311926605505,2.4,4.0
2.0,92.0,48.0,7.0,51.0,0.0,67.4,17.7,58.000000000000014,0.14285714285714285,0.5483870967741935,14.0
5.0,58.0,156.0,17.0,37.0,0.0,45.400000000000006,17.0,88.80000000000001,0.10828025477707007,0.6271186440677966,85.0
1.0,5.0,91.0,2.0,44.0,0.0,28.4,14.1,55.0,0.021739130434782608,7.333333333333333,2.0
3.0,88.0,11.0,15.0,79.0,0.0,82.6,28.2,53.6,1.25,0.8876404494382022,45.0
3.0,86.0,9.0,16.0,0.0,0.0,34.4,4.7,20.8,1.6,0.0,48.0
3.0,98.0,102.0,2.0,35.0,1.0,60.2,12.4,74.4,0.019417475728155338,0.35353535353535354,6.0
1.0,56.0,70.0,1.0,27.0,0.0,38.6,8.799999999999999,50.0,0.014084507042253521,0.47368421052631576,1.0
1.0,93.0,18.0,16.0,8.0,1.0,42.0,6.1,29.0,0.8421052631578947,0.0851063829787234,16.0
4.0,41.0,165.0,4.0,35.0,1.0,37.400000000000006,13.3,88.2,0.024096385542168676,0.8333333333333334,16.0
1.0,50.0,64.0,6.0,51.0,0.0,50.599999999999994,17.0,56.0,0.09230769230769231,1.0,6.0
2.0,72.0,149.0,3.0,95.0,0.0,85.8,30.1,112.0,0.02,1.3013698630136987,6.0
3.0,82.0,102.0,13.0,13.0,0.0,40.6,8.0,62.400000000000006,0.1262135922330097,0.1566265060240964,39.0
5.0,62.0,164.0,1.0,85.0,0.0,75.8,28.2,112.00000000000001,0.006060606060606061,1.3492063492063493,5.0
2.0,51.0,100.0,9.0,79.0,0.0,67.8,26.5,81.8,0.0891089108910891,1.5192307692307692,18.0
1.0,12.0,177.0,11.0,8.0,0.0,9.600000000000001,5.1,76.4,0.06179775280898876,0.6153846153846154,11.0
4.0,25.0,52.0,0.0,96.0,0.0,67.6,30.799999999999997,64.2,0.0,3.6923076923076925,0.0
4.0,58.0,115.0,14.0,12.0,0.0,30.400000000000002,8.4,62.4,0.1206896551724138,0.2033898305084746,56.0
3.0,50.0,89.0,10.0,32.0,0.0,39.2,13.1,58.400000000000006,0.1111111111111111,0.6274509803921569,30.0
3.0,34.0,108.0,10.0,63.0,1.0,51.4,22.4,75.2,0.09174311926605505,1.8,30.0
1.0,58.0,163.0,12.0,24.0,0.0,37.6,10.1,86.4,0.07317073170731707,0.4067796610169492,12.0
1.0,84.0,102.0,19.0,69.0,0.0,75.0,25.0,85.2,0.18446601941747573,0.8117647058823529,19.0
3.0,72.0,79.0,13.0,65.0,0.0,67.8,23.6,72.0,0.1625,0.8904109589041096,39.0
3.0,98.0,7.0,5.0,36.0,0.0,60.8,13.299999999999999,36.8,0.625,0.36363636363636365,15.0
3.0,62.0,118.0,9.0,70.0,0.0,66.8,24.3,87.60000000000001,0.07563025210084033,1.1111111111111112,27.0
5.0,34.0,138.0,19.0,56.0,0.0,47.2,23.1,84.4,0.1366906474820144,1.6,95.0
2.0,19.0,97.0,17.0,21.0,0.0,20.2,10.7,51.0,0.17346938775510204,1.05,34.0
4.0,6.0,21.0,0.0,68.0,0.0,43.199999999999996,22.4,36.800000000000004,0.0,9.714285714285714,0.0
5.0,46.0,59.0,9.0,60.0,0.0,54.400000000000006,22.3,56.800000000000004,0.15,1.2765957446808511,45.0
4.0,67.0,102.0,0.0,92.0,1.0,82.0,29.599999999999998,91.00000000000001,0.0,1.3529411764705883,0.0
1.0,40.0,14.0,13.0,64.0,1.0,54.4,22.3,39.2,0.8666666666666667,1.5609756097560976,13.0
1.0,50.0,145.0,19.0,4.0,0.0,22.4,5.500000000000001,69.6,0.13013698630136986,0.0784313725490196,19.0
1.0,86.0,51.0,10.0,82.0,1.0,83.6,27.099999999999998,70.4,0.19230769230769232,0.9425287356321839,10.0
5.0,73.0,102.0,4.0,66.0,1.0,68.80000000000001,23.1,81.80000000000001,0.038834951456310676,0.8918918918918919,20.0
1.0,40.0,194.0,6.0,71.0,1.0,58.6,23.0,114.00000000000001,0.03076923076923077,1.7317073170731707,6.0
4.0,35.0,80.0,2.0,6.0,0.0,17.6,4.199999999999999,41.4,0.024691358024691357,0.16666666666666666,8.0
3.0,63.0,123.0,16.0,22.0,1.0,38.400000000000006,11.3,70.6,0.12903225806451613,0.34375,48.0
3.0,74.0,14.0,8.0,23.0,1.0,43.4,10.0,29.6,0.5333333333333333,0.30666666666666664,24.0
1.0,59.0,175.0,16.0,51.0,0.0,54.2,19.0,102.2,0.09090909090909091,0.85,16.0
4.0,31.0,121.0,1.0,61.0,0.0,49.0,20.5,79.00000000000001,0.00819672131147541,1.90625,4.0
1.0,31.0,145.0,14.0,64.0,0.0,50.8,22.5,89.8,0.0958904109589041,2.0,14.0
3.0,95.0,117.0,2.0,51.0,0.0,68.6,17.2,86.2,0.01694915254237288,0.53125,6.0
5.0,98.0,27.0,8.0,45.0,0.0,66.2,17.6,48.400000000000006,0.2857142857142857,0.45454545454545453,40.0
2.0,57.0,117.0,1.0,32.0,0.0,42.0,10.799999999999999,71.00000000000001,0.00847457627118644,0.5517241379310345,2.0
3.0,54.0,35.0,9.0,93.0,0.0,77.4,31.2,62.0,0.25,1.690909090909091,27.0
2.0,75.0,187.0,17.0,79.0,0.0,77.4,28.1,121.4,0.09042553191489362,1.0394736842105263,34.0
1.0,51.0,19.0,10.0,4.0,0.0,22.8,3.7,19.400000000000002,0.5,0.07692307692307693,10.0
4.0,79.0,169.0,16.0,24.0,1.0,46.0,12.399999999999999,93.00000000000001,0.09411764705882353,0.3,64.0
5.0,18.0,18.0,15.0,48.0,1.0,36.0,19.9,30.000000000000004,0.7894736842105263,2.526315789473684,75.0
3.0,38.0,8.0,11.0,43.0,0.0,41.0,16.6,28.0,1.2222222222222223,1.1025641025641026,33.0
3.0,39.0,134.0,8.0,25.0,0.0,30.6,10.6,71.4,0.05925925925925926,0.625,24.0
5.0,35.0,27.0,8.0,37.0,1.0,36.2,15.2,32.6,0.2857142857142857,1.0277777777777777,40.0
4.0,8.0,49.0,14.0,47.0,0.0,31.4,18.9,40.00000000000001,0.28,5.222222222222222,56.0
3.0,39.0,75.0,5.0,51.0,1.0,46.2,17.799999999999997,58.2,0.06578947368421052,1.275,15.0
4.0,22.0,145.0,14.0,63.0,0.0,46.599999999999994,23.7,87.60000000000001,0.0958904109589041,2.739130434782609,56.0
3.0,36.0,180.0,17.0,44.0,0.0,40.8,18.1,96.8,0.09392265193370165,1.1891891891891893,51.0
3.0,51.0,105.0,8.0,51.0,0.0,51.0,18.4,72.60000000000001,0.07547169811320754,0.9807692307692307,24.0
1.0,23.0,110.0,10.0,47.0,1.0,37.4,16.6,67.39999999999999,0.09009009009009009,1.9583333333333333,10.0
3.0,28.0,158.0,8.0,11.0,0.0,17.8,6.4,73.2,0.050314465408805034,0.3793103448275862,24.0
2.0,55.0,166.0,2.0,94.0,1.0,78.4,29.599999999999998,115.0,0.011976047904191617,1.6785714285714286,4.0
3.0,83.0,120.0,10.0,16.0,0.0,42.800000000000004,8.3,71.0,0.08264462809917356,0.19047619047619047,30.0
4.0,51.0,116.0,1.0,81.0,0.0,69.0,26.5,89.00000000000001,0.008547008547008548,1.5576923076923077,4.0
5.0,72.0,88.0,4.0,95.0,0.0,85.8,31.8,87.60000000000001,0.0449438202247191,1.3013698630136987,20.0
5.0,80.0,135.0,18.0,90.0,0.0,86.0,33.1,106.0,0.1323529411764706,1.1111111111111112,90.0
4.0,61.0,12.0,9.0,69.0,0.0,65.8,24.5,44.60000000000001,0.6923076923076923,1.1129032258064515,36.0
1.0,93.0,48.0,15.0,91.0,1.0,91.80000000000001,30.8,74.2,0.30612244897959184,0.9680851063829787,15.0
2.0,84.0,85.0,18.0,94.0,0.0,90.0,32.8,88.39999999999999,0.20930232558139536,1.1058823529411765,36.0
3.0,5.0,102.0,16.0,51.0,0.0,32.599999999999994,20.0,62.2,0.1553398058252427,8.5,48.0
3.0,9.0,197.0,8.0,58.0,1.0,38.4,20.5,103.80000000000001,0.04040404040404041,5.8,24.0
4.0,12.0,102.0,11.0,27.0,0.0,21.0,12.3,54.00000000000001,0.10679611650485436,2.076923076923077,44.0
3.0,12.0,46.0,9.0,99.0,0.0,64.2,33.0,60.4,0.19148936170212766,7.615384615384615,27.0
4.0,60.0,20.0,0.0,8.0,1.0,28.8,4.4,23.2,0.0,0.13114754098360656,0.0
4.0,36.0,69.0,14.0,71.0,0.0,57.0,26.1,63.2,0.2,1.9189189189189189,56.0
4.0,76.0,168.0,6.0,97.0,0.0,88.6,32.3,121.2,0.03550295857988166,1.2597402597402598,24.0
5.0,74.0,170.0,5.0,75.0,1.0,74.6,26.0,112.8,0.029239766081871343,1.0,25.0
3.0,11.0,25.0,17.0,94.0,0.0,60.8,33.1,49.800000000000004,0.6538461538461539,7.833333333333333,51.0
5.0,54.0,4.0,10.0,99.0,0.0,81.0,34.2,52.0,2.0,1.8,50.0
4.0,43.0,38.0,10.0,53.0,0.0,49.0,19.9,45.00000000000001,0.2564102564102564,1.2045454545454546,40.0
4.0,76.0,32.0,17.0,6.0,0.0,34.0,7.2,30.400000000000002,0.5151515151515151,0.07792207792207792,68.0
3.0,81.0,39.0,7.0,7.0,0.0,36.6,5.0,34.6,0.175,0.08536585365853659,21.0
3.0,58.0,147.0,10.0,86.0,0.0,74.80000000000001,29.3,104.80000000000001,0.06756756756756757,1.4576271186440677,30.0
5.0,70.0,162.0,5.0,84.0,1.0,78.4,28.7,112.4,0.03067484662576687,1.1830985915492958,25.0
3.0,12.0,102.0,9.0,53.0,0.0,36.599999999999994,19.2,64.4,0.08737864077669903,4.076923076923077,27.0
2.0,99.0,28.0,9.0,26.0,0.0,55.2,10.6,41.400000000000006,0.3103448275862069,0.26,18.0
2.0,7.0,45.0,2.0,12.0,1.0,10.0,5.0,24.2,0.043478260869565216,1.5,4.0
2.0,61.0,60.0,13.0,51.0,1.0,55.0,18.9,56.60000000000001,0.21311475409836064,0.8225806451612904,26.0
2.0,9.0,67.0,7.0,40.0,1.0,27.6,14.4,44.599999999999994,0.10294117647058823,4.0,14.0
4.0,7.0,179.0,13.0,2.0,1.0,4.0,5.199999999999999,73.80000000000001,0.07222222222222222,0.25,52.0
5.0,37.0,174.0,2.0,19.0,0.0,26.200000000000003,8.6,84.60000000000001,0.011428571428571429,0.5,10.0
1.0,48.0,46.0,1.0,10.0,0.0,25.200000000000003,3.7,32.0,0.02127659574468085,0.20408163265306123,1.0
1.0,8.0,102.0,10.0,56.0,0.0,36.800000000000004,19.3,64.8,0.0970873786407767,6.222222222222222,10.0
2.0,88.0,133.0,3.0,97.0,0.0,93.4,30.7,109.6,0.022388059701492536,1.0898876404494382,6.0
5.0,32.0,53.0,8.0,43.0,1.0,38.6,17.0,44.800000000000004,0.14814814814814814,1.303030303030303,40.0
3.0,56.0,175.0,19.0,65.0,0.0,61.400000000000006,24.8,107.2,0.10795454545454546,1.1403508771929824,57.0
3.0,62.0,193.0,2.0,96.0,1.0,82.39999999999999,30.699999999999996,128.0,0.010309278350515464,1.5238095238095237,6.0
2.0,48.0,76.0,15.0,6.0,0.0,22.800000000000004,5.8,42.400000000000006,0.19480519480519481,0.12244897959183673,30.0
2.0,11.0,54.0,10.0,94.0,1.0,60.8,31.2,61.400000000000006,0.18181818181818182,7.833333333333333,20.0
3.0,51.0,102.0,2.0,91.0,1.0,75.0,29.2,87.4,0.019417475728155338,1.75,6.0
1.0,85.0,36.0,5.0,58.0,0.0,68.8,18.9,54.6,0.13513513513513514,0.6744186046511628,5.0
1.0,54.0,132.0,2.0,26.0,0.0,37.2,8.7,74.0,0.015037593984962405,0.4727272727272727,2.0
4.0,51.0,105.0,10.0,80.0,0.0,68.4,28.0,84.2,0.09433962264150944,1.5384615384615385,40.0
1.0,71.0,5.0,18.0,90.0,1.0,82.4,31.1,52.2,3.0,1.25,18.0
3.0,0.0,111.0,10.0,77.0,1.0,46.199999999999996,26.599999999999998,75.2,0.08928571428571429,77.0,30.0
2.0,72.0,48.0,19.0,12.0,0.0,36.0,8.4,38.400000000000006,0.3877551020408163,0.1643835616438356,38.0
3.0,3.0,26.0,16.0,33.0,0.0,21.0,14.600000000000001,24.200000000000003,0.5925925925925926,8.25,48.0
3.0,19.0,50.0,5.0,89.0,1.0,61.0,29.2,59.4,0.09803921568627451,4.45,15.0
4.0,73.0,102.0,12.0,62.0,0.0,66.4,23.0,80.20000000000002,0.11650485436893204,0.8378378378378378,48.0
1.0,75.0,39.0,0.0,25.0,0.0,45.0,8.0,40.6,0.0,0.32894736842105265,0.0
1.0,27.0,18.0,17.0,24.0,1.0,25.2,11.1,22.200000000000003,0.8947368421052632,0.8571428571428571,17.0
3.0,90.0,39.0,15.0,0.0,0.0,36.0,4.5,33.6,0.375,0.0,45.0
4.0,85.0,66.0,19.0,19.0,0.0,45.4,11.5,51.0,0.2835820895522388,0.22093023255813954,76.0
3.0,33.0,130.0,5.0,14.0,0.0,21.6,6.7,64.2,0.03816793893129771,0.4117647058823529,15.0
5.0,91.0,141.0,2.0,51.0,0.0,67.0,18.2,95.00000000000001,0.014084507042253521,0.5543478260869565,10.0
5.0,42.0,62.0,5.0,91.0,0.0,71.4,30.8,69.60000000000001,0.07936507936507936,2.116279069767442,25.0
1.0,11.0,5.0,5.0,98.0,1.0,63.199999999999996,30.9,43.400000000000006,0.8333333333333334,8.166666666666666,5.0
3.0,62.0,98.0,16.0,51.0,0.0,55.4,20.0,72.00000000000001,0.16161616161616163,0.8095238095238095,48.0
1.0,76.0,57.0,19.0,83.0,0.0,80.2,29.2,71.2,0.3275862068965517,1.077922077922078,19.0
5.0,95.0,73.0,15.0,83.0,0.0,87.8,30.4,81.4,0.20270270270270271,0.8645833333333334,75.0
5.0,93.0,40.0,2.0,3.0,0.0,39.0,3.8,35.8,0.04878048780487805,0.031914893617021274,10.0
3.0,29.0,18.0,19.0,59.0,1.0,47.0,23.0,36.6,1.0,1.9666666666666666,57.0
4.0,21.0,186.0,10.0,93.0,0.0,64.2,31.9,115.80000000000001,0.053475935828877004,4.2272727272727275,40.0
1.0,98.0,168.0,9.0,94.0,0.0,95.6,30.5,124.4,0.05325443786982249,0.9494949494949495,9.0
3.0,36.0,56.0,19.0,40.0,0.0,38.4,17.3,45.60000000000001,0.3333333333333333,1.0810810810810811,57.0
5.0,34.0,120.0,17.0,3.0,0.0,15.400000000000002,6.800000000000001,56.0,0.14049586776859505,0.08571428571428572,85.0
1.0,43.0,174.0,10.0,62.0,0.0,54.39999999999999,21.099999999999998,103.0,0.05714285714285714,1.4090909090909092,10.0
2.0,51.0,0.0,10.0,48.0,1.0,49.2,17.4,29.400000000000006,10.0,0.9230769230769231,20.0
1.0,60.0,93.0,4.0,18.0,0.0,34.8,6.699999999999999,56.400000000000006,0.0425531914893617,0.29508196721311475,4.0
4.0,51.0,67.0,7.0,12.0,0.0,27.6,7.0,41.800000000000004,0.10294117647058823,0.23076923076923078,28.0
3.0,76.0,182.0,3.0,79.0,0.0,77.8,25.8,119.60000000000001,0.01639344262295082,1.025974025974026,9.0
3.0,80.0,44.0,1.0,19.0,0.0,43.4,7.4,41.2,0.022222222222222223,0.2345679012345679,3.0
4.0,66.0,105.0,4.0,71.0,1.0,69.0,24.1,83.60000000000001,0.03773584905660377,1.0597014925373134,16.0
1.0,19.0,96.0,18.0,10.0,1.0,13.600000000000001,7.1,46.2,0.18556701030927836,0.5,18.0
1.0,64.0,131.0,13.0,20.0,1.0,37.6,9.1,73.2,0.09848484848484848,0.3076923076923077,13.0
5.0,89.0,62.0,15.0,27.0,0.0,51.8,13.6,53.400000000000006,0.23809523809523808,0.3,75.0
1.0,51.0,38.0,6.0,79.0,0.0,67.8,25.4,57.00000000000001,0.15384615384615385,1.5192307692307692,6.0
2.0,51.0,90.0,14.0,38.0,0.0,43.2,15.200000000000001,61.400000000000006,0.15384615384615385,0.7307692307692307,28.0
4.0,65.0,93.0,17.0,66.0,1.0,65.6,25.200000000000003,76.60000000000001,0.18085106382978725,1.0,68.0
5.0,86.0,24.0,15.0,94.0,1.0,90.8,33.7,64.4,0.6,1.0804597701149425,75.0
3.0,81.0,190.0,5.0,29.0,0.0,49.8,11.2,103.8,0.02617801047120419,0.35365853658536583,15.0
4.0,62.0,102.0,7.0,7.0,0.0,29.0,5.5,56.0,0.06796116504854369,0.1111111111111111,28.0
3.0,18.0,56.0,4.0,31.0,0.0,25.799999999999997,11.599999999999998,38.400000000000006,0.07017543859649122,1.631578947368421,12.0
4.0,21.0,137.0,10.0,75.0,0.0,53.4,26.5,89.00000000000001,0.07246376811594203,3.409090909090909,40.0
3.0,60.0,158.0,5.0,51.0,1.0,54.599999999999994,17.799999999999997,95.60000000000001,0.031446540880503145,0.8360655737704918,15.0
3.0,68.0,52.0,4.0,62.0,0.0,64.4,20.9,59.2,0.07547169811320754,0.8985507246376812,12.0
5.0,22.0,119.0,10.0,58.0,0.0,43.599999999999994,21.9,75.20000000000002,0.08333333333333333,2.5217391304347827,50.0
1.0,43.0,130.0,19.0,33.0,1.0,37.0,14.200000000000001,73.8,0.1450381679389313,0.75,19.0
1.0,94.0,102.0,17.0,19.0,1.0,49.0,9.600000000000001,67.2,0.1650485436893204,0.2,17.0
4.0,78.0,83.0,17.0,35.0,1.0,52.2,15.9,62.800000000000004,0.20238095238095238,0.4430379746835443,68.0
5.0,27.0,102.0,7.0,51.0,0.0,41.4,19.2,66.60000000000001,0.06796116504854369,1.8214285714285714,35.0
1.0,24.0,167.0,9.0,5.0,0.0,12.600000000000001,3.8,73.6,0.05357142857142857,0.2,9.0
3.0,93.0,163.0,10.0,3.0,0.0,39.0,4.4,85.0,0.06097560975609756,0.031914893617021274,30.0
4.0,51.0,199.0,6.0,43.0,1.0,46.2,16.1,107.00000000000001,0.03,0.8269230769230769,24.0
1.0,68.0,5.0,13.0,83.0,0.0,77.0,28.0,48.800000000000004,2.1666666666666665,1.2028985507246377,13.0
2.0,11.0,103.0,12.0,45.0,0.0,31.4,16.9,61.400000000000006,0.11538461538461539,3.75,24.0
1.0,25.0,3.0,15.0,30.0,1.0,28.0,12.5,18.2,3.75,1.1538461538461537,15.0
3.0,54.0,81.0,15.0,1.0,0.0,22.200000000000003,4.8,43.599999999999994,0.18292682926829268,0.01818181818181818,45.0
5.0,39.0,94.0,13.0,69.0,0.0,57.0,25.799999999999997,73.0,0.1368421052631579,1.725,65.0
4.0,25.0,40.0,7.0,38.0,0.0,32.8,14.8,36.2,0.17073170731707318,1.4615384615384615,28.0
3.0,99.0,102.0,10.0,26.0,1.0,55.2,11.3,71.0,0.0970873786407767,0.26,30.0
3.0,71.0,21.0,11.0,30.0,1.0,46.400000000000006,12.7,34.6,0.5,0.4166666666666667,33.0
3.0,87.0,188.0,10.0,37.0,0.0,57.0,14.6,107.4,0.05291005291005291,0.42045454545454547,30.0
3.0,16.0,165.0,3.0,48.0,1.0,35.199999999999996,16.5,88.4,0.018072289156626505,2.823529411764706,9.0
2.0,56.0,99.0,7.0,25.0,1.0,37.400000000000006,9.9,60.800000000000004,0.07,0.43859649122807015,14.0
3.0,41.0,199.0,7.0,6.0,0.0,20.0,4.7,90.20000000000002,0.035,0.14285714285714285,21.0
1.0,39.0,118.0,11.0,73.0,0.0,59.4,24.599999999999998,84.2,0.09243697478991597,1.825,11.0
4.0,99.0,117.0,14.0,11.0,0.0,46.2,8.100000000000001,71.0,0.11864406779661017,0.11,56.0
5.0,49.0,110.0,11.0,72.0,0.0,62.8,26.299999999999997,82.6,0.0990990990990991,1.44,55.0
2.0,34.0,116.0,8.0,82.0,1.0,62.8,27.2,86.00000000000001,0.06837606837606838,2.342857142857143,16.0
5.0,22.0,0.0,9.0,17.0,1.0,19.0,9.399999999999999,11.200000000000001,9.0,0.7391304347826086,45.0
4.0,24.0,67.0,3.0,79.0,0.0,57.0,26.3,63.2,0.04411764705882353,3.16,12.0
2.0,11.0,32.0,13.0,68.0,0.0,45.199999999999996,24.0,42.2,0.3939393939393939,5.666666666666667,26.0
3.0,66.0,73.0,5.0,74.0,0.0,70.8,24.7,72.0,0.06756756756756757,1.1044776119402986,15.0
2.0,38.0,187.0,3.0,45.0,0.0,42.2,15.1,100.39999999999999,0.015957446808510637,1.1538461538461537,6.0
5.0,9.0,93.0,11.0,41.0,0.0,28.2,17.0,55.400000000000006,0.11702127659574468,4.1,55.0
4.0,96.0,63.0,18.0,51.0,0.0,69.0,20.9,64.80000000000001,0.28125,0.5257731958762887,72.0
3.0,29.0,197.0,11.0,44.0,1.0,38.0,16.9,102.2,0.05555555555555555,1.4666666666666666,33.0
1.0,27.0,102.0,5.0,44.0,1.0,37.2,14.7,63.800000000000004,0.04854368932038835,1.5714285714285714,5.0
3.0,98.0,24.0,1.0,96.0,0.0,96.8,30.499999999999996,67.60000000000001,0.04,0.9696969696969697,3.0
3.0,17.0,110.0,16.0,67.0,0.0,47.0,24.799999999999997,74.2,0.14414414414414414,3.7222222222222223,48.0
1.0,8.0,102.0,13.0,57.0,0.0,37.4,20.2,65.2,0.1262135922330097,6.333333333333333,13.0
3.0,12.0,84.0,10.0,16.0,0.0,14.4,8.3,42.4,0.11764705882352941,1.2307692307692308,30.0
3.0,18.0,84.0,14.0,84.0,0.0,57.6,29.5,70.8,0.16470588235294117,4.421052631578948,42.0
5.0,77.0,19.0,13.0,26.0,0.0,46.4,12.899999999999999,33.4,0.65,0.3333333333333333,65.0
1.0,28.0,196.0,16.0,66.0,1.0,50.800000000000004,23.5,110.4,0.08121827411167512,2.2758620689655173,16.0
2.0,95.0,184.0,2.0,35.0,0.0,59.0,11.9,106.60000000000001,0.010810810810810811,0.3645833333333333,4.0
3.0,46.0,120.0,2.0,39.0,0.0,41.8,13.6,72.8,0.01652892561983471,0.8297872340425532,6.0
3.0,88.0,159.0,15.0,18.0,0.0,46.0,9.899999999999999,88.4,0.09375,0.20224719101123595,45.0
5.0,87.0,11.0,10.0,92.0,0.0,90.0,32.099999999999994,58.60000000000001,0.8333333333333334,1.0454545454545454,50.0
3.0,98.0,177.0,9.0,88.0,0.0,92.0,29.7,125.6,0.05056179775280899,0.8888888888888888,27.0
3.0,88.0,49.0,18.0,60.0,0.0,71.2,23.1,61.2,0.36,0.6741573033707865,54.0
5.0,43.0,164.0,7.0,80.0,1.0,65.2,27.9,106.2,0.04242424242424243,1.8181818181818181,35.0
3.0,80.0,173.0,15.0,31.0,1.0,50.599999999999994,13.799999999999999,97.60000000000001,0.08620689655172414,0.38271604938271603,45.0
3.0,67.0,175.0,16.0,92.0,0.0,82.0,32.3,120.20000000000002,0.09090909090909091,1.3529411764705883,48.0
3.0,60.0,26.0,2.0,22.0,0.0,37.2,8.5,31.200000000000003,0.07407407407407407,0.36065573770491804,6.0
1.0,75.0,118.0,10.0,76.0,0.0,75.6,25.3,92.60000000000001,0.08403361344537816,1.0,10.0
4.0,41.0,113.0,1.0,51.0,0.0,47.0,17.5,73.80000000000001,0.008771929824561403,1.2142857142857142,4.0
4.0,96.0,182.0,12.0,22.0,0.0,51.60000000000001,11.0,100.8,0.06557377049180328,0.2268041237113402,48.0
5.0,83.0,150.0,8.0,32.0,0.0,52.400000000000006,13.7,89.4,0.052980132450331126,0.38095238095238093,40.0
1.0,95.0,34.0,1.0,51.0,1.0,68.6,15.999999999999998,53.0,0.02857142857142857,0.53125,1.0
1.0,71.0,158.0,19.0,25.0,0.0,43.400000000000006,11.8,87.4,0.11949685534591195,0.3472222222222222,19.0
2.0,89.0,176.0,9.0,18.0,1.0,46.4,8.2,95.4,0.05084745762711865,0.2,18.0
2.0,21.0,60.0,12.0,27.0,0.0,24.6,11.5,39.0,0.19672131147540983,1.2272727272727273,24.0
4.0,35.0,167.0,1.0,16.0,0.0,23.6,7.0,80.2,0.005952380952380952,0.4444444444444444,4.0
1.0,51.0,151.0,15.0,79.0,1.0,67.8,27.2,102.2,0.09868421052631579,1.5192307692307692,15.0
3.0,51.0,28.0,9.0,51.0,1.0,51.0,18.599999999999998,41.800000000000004,0.3103448275862069,0.9807692307692307,27.0
5.0,51.0,143.0,19.0,67.0,0.0,60.599999999999994,26.4,94.2,0.13194444444444445,1.2884615384615385,95.0
2.0,20.0,153.0,16.0,38.0,0.0,30.8,15.600000000000001,80.4,0.1038961038961039,1.8095238095238095,32.0
3.0,51.0,53.0,13.0,49.0,0.0,49.8,18.799999999999997,51.00000000000001,0.24074074074074073,0.9423076923076923,39.0
5.0,41.0,129.0,11.0,6.0,1.0,20.0,6.5,62.2,0.08461538461538462,0.14285714285714285,55.0
1.0,59.0,199.0,10.0,77.0,1.0,69.8,25.599999999999998,122.2,0.05,1.2833333333333334,10.0
2.0,24.0,3.0,19.0,76.0,0.0,55.2,27.6,36.400000000000006,4.75,3.04,38.0
2.0,65.0,2.0,6.0,93.0,0.0,81.8,30.099999999999998,51.0,2.0,1.4090909090909092,12.0
4.0,33.0,115.0,10.0,87.0,0.0,65.39999999999999,30.099999999999998,87.4,0.08620689655172414,2.5588235294117645,40.0
2.0,59.0,158.0,19.0,15.0,1.0,32.6,9.3,81.0,0.11949685534591195,0.25,38.0
1.0,27.0,48.0,18.0,97.0,1.0,69.0,33.199999999999996,63.400000000000006,0.3673469387755102,3.4642857142857144,18.0
4.0,87.0,194.0,10.0,26.0,0.0,50.400000000000006,11.8,105.40000000000002,0.05128205128205128,0.29545454545454547,40.0
5.0,46.0,53.0,4.0,94.0,0.0,74.8,31.5,68.0,0.07407407407407407,2.0,20.0
3.0,96.0,197.0,11.0,7.0,0.0,42.60000000000001,5.800000000000001,100.80000000000001,0.05555555555555555,0.07216494845360824,33.0
4.0,66.0,22.0,15.0,72.0,0.0,69.6,26.599999999999998,50.800000000000004,0.6521739130434783,1.0746268656716418,60.0
1.0,51.0,114.0,16.0,80.0,0.0,68.4,27.7,87.8,0.1391304347826087,1.5384615384615385,16.0
1.0,6.0,54.0,18.0,51.0,0.0,33.0,19.4,43.2,0.32727272727272727,7.285714285714286,18.0
3.0,52.0,69.0,7.0,59.0,0.0,56.2,20.6,61.6,0.1,1.1132075471698113,21.0
4.0,1.0,44.0,11.0,82.0,1.0,49.599999999999994,28.799999999999997,50.60000000000001,0.24444444444444444,41.0,44.0
5.0,48.0,75.0,5.0,27.0,0.0,35.400000000000006,11.6,50.4,0.06578947368421052,0.5510204081632653,25.0
1.0,51.0,94.0,14.0,71.0,1.0,63.0,24.6,76.2,0.14736842105263157,1.3653846153846154,14.0
1.0,95.0,35.0,7.0,83.0,0.0,87.8,26.799999999999997,66.2,0.19444444444444445,0.8645833333333334,7.0
3.0,22.0,12.0,17.0,55.0,0.0,41.8,21.4,31.200000000000003,1.3076923076923077,2.391304347826087,51.0
3.0,87.0,140.0,1.0,85.0,0.0,85.80000000000001,27.2,107.4,0.0070921985815602835,0.9659090909090909,3.0
5.0,87.0,25.0,11.0,79.0,0.0,82.2,28.4,59.0,0.4230769230769231,0.8977272727272727,55.0
2.0,17.0,65.0,15.0,52.0,0.0,38.0,19.6,50.199999999999996,0.22727272727272727,2.888888888888889,30.0
3.0,5.0,114.0,0.0,43.0,0.0,27.8,14.4,63.8,0.0,7.166666666666667,0.0
1.0,33.0,172.0,12.0,93.0,0.0,69.0,30.799999999999997,112.6,0.06936416184971098,2.735294117647059,12.0
2.0,35.0,114.0,16.0,55.0,0.0,47.0,20.7,74.6,0.1391304347826087,1.5277777777777777,32.0
4.0,8.0,21.0,10.0,9.0,0.0,8.6,6.699999999999999,13.6,0.45454545454545453,1.0,40.0
3.0,91.0,8.0,3.0,82.0,0.0,85.6,26.7,54.2,0.3333333333333333,0.8913043478260869,9.0
5.0,72.0,91.0,8.0,89.0,1.0,82.2,30.799999999999997,86.4,0.08695652173913043,1.2191780821917808,40.0
1.0,75.0,104.0,10.0,50.0,0.0,60.0,17.5,76.6,0.09523809523809523,0.6578947368421053,10.0
1.0,51.0,61.0,15.0,10.0,0.0,26.400000000000002,6.5,38.6,0.24193548387096775,0.19230769230769232,15.0
1.0,37.0,81.0,10.0,48.0,0.0,43.599999999999994,16.9,59.0,0.12195121951219512,1.263157894736842,10.0
2.0,60.0,123.0,18.0,77.0,0.0,70.19999999999999,27.699999999999996,92.0,0.14516129032258066,1.2622950819672132,36.0
4.0,51.0,17.0,16.0,81.0,1.0,69.0,29.5,49.400000000000006,0.8888888888888888,1.5576923076923077,64.0
1.0,98.0,188.0,14.0,67.0,1.0,79.4,23.4,121.6,0.07407407407407407,0.6767676767676768,14.0
3.0,18.0,91.0,18.0,61.0,0.0,43.800000000000004,23.4,64.39999999999999,0.1956521739130435,3.210526315789474,54.0
2.0,30.0,92.0,10.0,81.0,1.0,60.6,27.3,75.2,0.10752688172043011,2.6129032258064515,20.0
3.0,40.0,60.0,18.0,16.0,1.0,25.6,9.899999999999999,38.4,0.29508196721311475,0.3902439024390244,54.0
4.0,18.0,177.0,17.0,32.0,0.0,26.4,15.0,87.19999999999999,0.09550561797752809,1.6842105263157894,68.0
4.0,3.0,195.0,11.0,99.0,0.0,60.6,33.9,118.19999999999999,0.05612244897959184,24.75,44.0
1.0,46.0,36.0,0.0,70.0,0.0,60.400000000000006,21.5,51.6,0.0,1.4893617021276595,0.0
1.0,54.0,43.0,9.0,29.0,0.0,39.0,11.0,39.6,0.20454545454545456,0.5272727272727272,9.0
1.0,72.0,90.0,0.0,82.0,0.0,78.0,25.099999999999998,83.20000000000002,0.0,1.1232876712328768,0.0
2.0,59.0,103.0,16.0,88.0,0.0,76.4,30.599999999999998,88.2,0.15384615384615385,1.4666666666666666,32.0
3.0,82.0,2.0,13.0,44.0,0.0,59.2,17.299999999999997,34.800000000000004,4.333333333333333,0.5301204819277109,39.0
5.0,51.0,154.0,1.0,96.0,0.0,78.0,31.499999999999996,110.2,0.0064516129032258064,1.8461538461538463,5.0
2.0,81.0,150.0,11.0,7.0,0.0,36.6,5.300000000000001,79.0,0.0728476821192053,0.08536585365853659,22.0
5.0,25.0,116.0,15.0,59.0,0.0,45.4,23.2,75.0,0.1282051282051282,2.269230769230769,75.0
5.0,61.0,65.0,4.0,86.0,1.0,76.0,29.1,72.6,0.06060606060606061,1.3870967741935485,20.0
5.0,38.0,170.0,14.0,52.0,0.0,46.4,20.9,96.39999999999999,0.08187134502923976,1.3333333333333333,70.0
1.0,32.0,194.0,15.0,79.0,0.0,60.2,27.2,115.60000000000002,0.07692307692307693,2.393939393939394,15.0
5.0,77.0,103.0,4.0,70.0,0.0,72.8,24.3,84.60000000000001,0.038461538461538464,0.8974358974358975,20.0
3.0,51.0,56.0,7.0,51.0,0.0,51.0,18.2,53.00000000000001,0.12280701754385964,0.9807692307692307,21.0
1.0,33.0,93.0,10.0,86.0,1.0,64.8,28.3,78.19999999999999,0.10638297872340426,2.5294117647058822,10.0
3.0,22.0,76.0,11.0,13.0,1.0,16.6,7.6,40.0,0.14285714285714285,0.5652173913043478,33.0
4.0,31.0,135.0,0.0,38.0,0.0,35.2,13.4,75.4,0.0,1.1875,0.0
3.0,70.0,178.0,10.0,79.0,0.0,75.4,27.2,116.80000000000001,0.055865921787709494,1.1126760563380282,30.0
5.0,38.0,102.0,11.0,78.0,1.0,62.0,28.099999999999998,79.6,0.10679611650485436,2.0,55.0
4.0,75.0,102.0,16.0,29.0,0.0,47.4,13.899999999999999,67.4,0.1553398058252427,0.3815789473684211,64.0
5.0,69.0,62.0,12.0,98.0,1.0,86.4,34.3,77.8,0.19047619047619047,1.4,60.0
2.0,4.0,156.0,0.0,44.0,0.0,28.0,14.2,80.8,0.0,8.8,0.0
5.0,2.0,96.0,14.0,45.0,0.0,27.8,18.8,56.800000000000004,0.14432989690721648,15.0,70.0
4.0,7.0,107.0,1.0,2.0,0.0,4.0,2.8000000000000003,45.0,0.009259259259259259,0.25,4.0
5.0,38.0,58.0,17.0,57.0,1.0,49.4,23.0,53.6,0.288135593220339,1.4615384615384615,85.0
4.0,51.0,21.0,7.0,21.0,0.0,33.0,9.7,27.0,0.3181818181818182,0.40384615384615385,28.0
2.0,81.0,68.0,18.0,60.0,0.0,68.4,22.6,67.4,0.2608695652173913,0.7317073170731707,36.0
5.0,50.0,162.0,18.0,87.0,0.0,72.19999999999999,32.199999999999996,109.6,0.11042944785276074,1.7058823529411764,90.0
4.0,6.0,128.0,16.0,61.0,0.0,39.0,23.5,76.80000000000001,0.12403100775193798,8.714285714285714,64.0
4.0,29.0,176.0,6.0,46.0,0.0,39.2,17.0,94.60000000000001,0.03389830508474576,1.5333333333333334,24.0
4.0,95.0,148.0,14.0,92.0,0.0,93.19999999999999,32.4,115.0,0.09395973154362416,0.9583333333333334,56.0
4.0,51.0,10.0,10.0,37.0,1.0,42.6,15.1,29.0,0.9090909090909091,0.7115384615384616,40.0
5.0,0.0,65.0,2.0,30.0,1.0,18.0,11.9,38.0,0.030303030303030304,30.0,10.0
1.0,14.0,65.0,18.0,91.0,0.0,60.2,31.4,65.2,0.2727272727272727,6.066666666666666,18.0
3.0,85.0,191.0,13.0,54.0,1.0,66.4,20.299999999999997,115.0,0.06770833333333333,0.627906976744186,39.0
4.0,52.0,10.0,18.0,79.0,0.0,68.2,29.299999999999997,46.0,1.6363636363636365,1.490566037735849,72.0
1.0,51.0,136.0,16.0,1.0,0.0,21.000000000000004,4.0,65.0,0.11678832116788321,0.019230769230769232,16.0
5.0,47.0,102.0,10.0,75.0,0.0,63.8,27.0,80.20000000000002,0.0970873786407767,1.5625,50.0
2.0,33.0,3.0,11.0,88.0,1.0,66.0,29.599999999999998,43.00000000000001,2.75,2.588235294117647,22.0
4.0,90.0,78.0,14.0,91.0,0.0,90.6,32.1,85.6,0.17721518987341772,1.0,56.0
1.0,20.0,90.0,10.0,93.0,0.0,63.8,30.4,77.2,0.10989010989010989,4.428571428571429,10.0
3.0,83.0,119.0,19.0,38.0,0.0,56.0,16.700000000000003,79.4,0.15833333333333333,0.4523809523809524,57.0
2.0,57.0,120.0,12.0,11.0,1.0,29.4,6.7,63.8,0.09917355371900827,0.1896551724137931,24.0
1.0,59.0,93.0,15.0,34.0,0.0,44.0,13.7,62.60000000000001,0.1595744680851064,0.5666666666666667,15.0
1.0,67.0,71.0,11.0,4.0,1.0,29.2,3.9000000000000004,43.400000000000006,0.1527777777777778,0.058823529411764705,11.0
3.0,58.0,118.0,4.0,5.0,0.0,26.200000000000003,3.8,60.800000000000004,0.03361344537815126,0.0847457627118644,12.0
5.0,81.0,82.0,17.0,36.0,1.0,54.0,16.7,63.400000000000006,0.20481927710843373,0.43902439024390244,85.0
2.0,33.0,102.0,2.0,38.0,1.0,36.0,12.8,62.60000000000001,0.019417475728155338,1.1176470588235294,4.0
4.0,72.0,49.0,15.0,76.0,0.0,74.4,27.8,64.4,0.3,1.0410958904109588,60.0
3.0,40.0,171.0,0.0,10.0,0.0,22.0,4.5,80.4,0.0,0.24390243902439024,0.0
4.0,36.0,30.0,19.0,46.0,0.0,42.0,19.6,37.6,0.6129032258064516,1.2432432432432432,76.0
3.0,40.0,84.0,8.0,80.0,0.0,64.0,27.1,73.6,0.09411764705882353,1.951219512195122,24.0
1.0,73.0,32.0,9.0,98.0,0.0,88.0,31.7,66.6,0.2727272727272727,1.3243243243243243,9.0
2.0,38.0,137.0,4.0,95.0,1.0,72.2,30.3,100.4,0.028985507246376812,2.4358974358974357,8.0
3.0,52.0,76.0,14.0,8.0,0.0,25.6,6.700000000000001,44.0,0.18181818181818182,0.1509433962264151,42.0
1.0,76.0,190.0,19.0,91.0,0.0,85.0,31.6,127.60000000000001,0.09947643979057591,1.1818181818181819,19.0
3.0,36.0,191.0,18.0,30.0,0.0,32.4,14.1,95.60000000000001,0.09375,0.8108108108108109,54.0
5.0,70.0,141.0,4.0,90.0,0.0,82.0,30.3,106.4,0.028169014084507043,1.267605633802817,20.0
2.0,69.0,16.0,7.0,46.0,1.0,55.2,16.2,38.60000000000001,0.4117647058823529,0.6571428571428571,14.0
5.0,18.0,102.0,8.0,75.0,0.0,52.2,26.6,74.4,0.07766990291262135,3.9473684210526314,40.0
4.0,24.0,53.0,14.0,91.0,0.0,64.2,32.1,62.400000000000006,0.25925925925925924,3.64,56.0
5.0,73.0,32.0,1.0,45.0,0.0,56.2,16.2,45.400000000000006,0.030303030303030304,0.6081081081081081,5.0
1.0,85.0,11.0,10.0,19.0,0.0,45.4,8.2,29.0,0.8333333333333334,0.22093023255813954,10.0
4.0,63.0,118.0,10.0,20.0,1.0,37.2,10.0,67.80000000000001,0.08403361344537816,0.3125,40.0
4.0,62.0,63.0,4.0,19.0,1.0,36.2,8.5,45.2,0.0625,0.30158730158730157,16.0
4.0,90.0,161.0,13.0,16.0,0.0,45.6,9.399999999999999,88.80000000000001,0.08024691358024691,0.17582417582417584,52.0
2.0,86.0,57.0,6.0,45.0,1.0,61.4,15.7,58.0,0.10344827586206896,0.5172413793103449,12.0
4.0,17.0,94.0,17.0,15.0,0.0,15.8,9.9,47.0,0.17894736842105263,0.8333333333333334,68.0
5.0,49.0,95.0,6.0,90.0,1.0,73.6,30.7,83.8,0.0625,1.8,30.0
4.0,45.0,125.0,19.0,44.0,1.0,44.4,19.0,76.6,0.15079365079365079,0.9565217391304348,76.0
2.0,65.0,65.0,2.0,76.0,1.0,71.6,24.2,69.4,0.030303030303030304,1.1515151515151516,4.0
3.0,31.0,56.0,18.0,44.0,0.0,38.8,18.299999999999997,46.2,0.3157894736842105,1.375,54.0
2.0,73.0,6.0,16.0,92.0,1.0,84.4,31.799999999999997,53.800000000000004,2.2857142857142856,1.2432432432432432,32.0
2.0,25.0,102.0,8.0,56.0,1.0,43.6,19.400000000000002,68.2,0.07766990291262135,2.1538461538461537,16.0
5.0,52.0,170.0,16.0,85.0,1.0,71.8,31.2,112.4,0.0935672514619883,1.6037735849056605,80.0
3.0,95.0,1.0,13.0,36.0,1.0,59.599999999999994,14.899999999999999,33.8,6.5,0.375,39.0
1.0,94.0,188.0,15.0,67.0,0.0,77.8,23.599999999999998,120.8,0.07936507936507936,0.7052631578947368,15.0
4.0,73.0,92.0,3.0,96.0,0.0,86.8,31.4,89.80000000000001,0.03225806451612903,1.2972972972972974,12.0
4.0,96.0,145.0,18.0,63.0,0.0,76.2,24.5,102.4,0.1232876712328767,0.6494845360824743,72.0
5.0,35.0,24.0,18.0,42.0,0.0,39.2,18.7,33.400000000000006,0.72,1.1666666666666667,90.0
1.0,10.0,38.0,6.0,24.0,0.0,18.4,8.899999999999999,26.800000000000004,0.15384615384615385,2.1818181818181817,6.0
3.0,96.0,157.0,18.0,78.0,1.0,85.2,28.5,113.2,0.11392405063291139,0.8041237113402062,54.0
2.0,91.0,45.0,14.0,73.0,0.0,80.19999999999999,25.7,65.4,0.30434782608695654,0.7934782608695652,28.0
4.0,13.0,102.0,16.0,47.0,0.0,33.4,19.3,62.20000000000001,0.1553398058252427,3.357142857142857,64.0
3.0,19.0,102.0,12.0,87.0,1.0,59.8,30.0,79.4,0.11650485436893204,4.35,36.0
5.0,39.0,187.0,15.0,51.0,0.0,46.2,20.799999999999997,103.0,0.0797872340425532,1.275,75.0
2.0,11.0,102.0,13.0,51.0,0.0,35.0,18.9,63.400000000000006,0.1262135922330097,4.25,26.0
5.0,32.0,134.0,4.0,36.0,0.0,34.4,14.099999999999998,74.4,0.02962962962962963,1.0909090909090908,20.0
2.0,6.0,127.0,13.0,34.0,0.0,22.799999999999997,13.799999999999999,65.60000000000001,0.1015625,4.857142857142857,26.0
2.0,85.0,138.0,3.0,44.0,0.0,60.4,14.799999999999999,89.80000000000001,0.02158273381294964,0.5116279069767442,6.0
4.0,79.0,111.0,17.0,51.0,0.0,62.2,20.7,80.60000000000001,0.15178571428571427,0.6375,68.0
5.0,16.0,18.0,16.0,63.0,0.0,44.199999999999996,24.599999999999998,35.60000000000001,0.8421052631578947,3.7058823529411766,80.0
3.0,94.0,33.0,5.0,51.0,0.0,68.2,17.799999999999997,52.400000000000006,0.14705882352941177,0.5368421052631579,15.0
3.0,61.0,107.0,4.0,10.0,0.0,30.400000000000002,5.3,59.00000000000001,0.037037037037037035,0.16129032258064516,12.0
4.0,66.0,175.0,7.0,84.0,1.0,76.8,28.6,116.8,0.03977272727272727,1.2537313432835822,28.0
1.0,56.0,33.0,4.0,69.0,0.0,63.8,22.0,52.00000000000001,0.11764705882352941,1.2105263157894737,4.0
2.0,86.0,79.0,11.0,15.0,1.0,43.4,7.7,54.8,0.1375,0.1724137931034483,22.0
2.0,66.0,155.0,0.0,33.0,0.0,46.2,10.9,88.4,0.0,0.4925373134328358,0.0
3.0,59.0,157.0,15.0,28.0,1.0,40.400000000000006,12.9,85.8,0.0949367088607595,0.4666666666666667,45.0
3.0,59.0,168.0,9.0,63.0,0.0,61.4,22.2,104.2,0.05325443786982249,1.05,27.0
1.0,8.0,38.0,14.0,33.0,0.0,23.0,13.200000000000001,30.000000000000004,0.358974358974359,3.6666666666666665,14.0
5.0,46.0,64.0,7.0,92.0,0.0,73.6,31.5,71.60000000000001,0.1076923076923077,1.9574468085106382,35.0
3.0,89.0,129.0,6.0,96.0,1.0,93.19999999999999,31.499999999999996,107.8,0.046153846153846156,1.0666666666666667,18.0
5.0,88.0,41.0,8.0,67.0,0.0,75.4,24.199999999999996,60.800000000000004,0.19047619047619047,0.7528089887640449,40.0
5.0,18.0,118.0,17.0,64.0,0.0,45.6,25.1,76.4,0.14285714285714285,3.3684210526315788,85.0
4.0,36.0,106.0,17.0,44.0,1.0,40.8,18.6,67.2,0.1588785046728972,1.1891891891891893,68.0
4.0,48.0,55.0,16.0,87.0,0.0,71.4,31.299999999999997,66.4,0.2857142857142857,1.7755102040816326,64.0
5.0,6.0,105.0,5.0,59.0,0.0,37.8,21.2,66.8,0.04716981132075472,8.428571428571429,25.0
5.0,15.0,40.0,19.0,22.0,0.0,19.2,12.9,27.8,0.4634146341463415,1.375,95.0
5.0,56.0,180.0,10.0,4.0,0.0,24.8,5.7,84.8,0.055248618784530384,0.07017543859649122,50.0
1.0,69.0,184.0,6.0,96.0,0.0,85.19999999999999,30.499999999999996,125.80000000000001,0.032432432432432434,1.3714285714285714,6.0
4.0,39.0,108.0,7.0,21.0,0.0,28.200000000000003,9.7,59.400000000000006,0.06422018348623854,0.525,28.0
1.0,51.0,13.0,9.0,62.0,0.0,57.599999999999994,20.9,40.2,0.6428571428571429,1.1923076923076923,9.0
4.0,51.0,9.0,10.0,21.0,0.0,33.0,10.3,22.200000000000003,1.0,0.40384615384615385,40.0
2.0,26.0,38.0,5.0,99.0,0.0,69.8,31.7,60.00000000000001,0.1282051282051282,3.6666666666666665,10.0
2.0,74.0,1.0,6.0,43.0,0.0,55.400000000000006,15.100000000000001,32.4,3.0,0.5733333333333334,12.0
3.0,16.0,169.0,10.0,44.0,0.0,32.8,16.7,88.40000000000002,0.058823529411764705,2.588235294117647,30.0
4.0,4.0,176.0,15.0,51.0,0.0,32.199999999999996,20.299999999999997,91.60000000000001,0.0847457627118644,10.2,60.0
4.0,39.0,164.0,19.0,88.0,0.0,68.4,32.2,108.60000000000001,0.11515151515151516,2.2,76.0
5.0,46.0,74.0,7.0,14.0,0.0,26.800000000000004,8.100000000000001,44.400000000000006,0.09333333333333334,0.2978723404255319,35.0
3.0,31.0,36.0,8.0,3.0,1.0,14.2,4.0,21.8,0.21621621621621623,0.09375,24.0
2.0,62.0,83.0,12.0,24.0,0.0,39.2,10.6,55.2,0.14285714285714285,0.38095238095238093,24.0
2.0,94.0,119.0,4.0,42.0,0.0,62.8,14.4,83.2,0.03333333333333333,0.4421052631578947,8.0
1.0,29.0,139.0,13.0,77.0,0.0,57.8,26.2,92.2,0.09285714285714286,2.566666666666667,13.0
2.0,17.0,198.0,10.0,81.0,0.0,55.400000000000006,27.3,115.0,0.05025125628140704,4.5,20.0
1.0,2.0,133.0,17.0,74.0,0.0,45.199999999999996,26.1,83.20000000000002,0.12686567164179105,24.666666666666668,17.0
1.0,48.0,109.0,1.0,30.0,0.0,37.2,9.7,65.2,0.00909090909090909,0.6122448979591837,1.0
1.0,71.0,117.0,2.0,51.0,0.0,59.0,16.2,81.4,0.01694915254237288,0.7083333333333334,2.0
3.0,54.0,198.0,15.0,78.0,0.0,68.4,27.9,121.2,0.07537688442211055,1.4181818181818182,45.0
4.0,29.0,159.0,9.0,51.0,0.0,42.2,19.099999999999998,89.8,0.05625,1.7,36.0
5.0,51.0,177.0,12.0,64.0,0.0,58.8,24.1,106.60000000000001,0.06741573033707865,1.2307692307692308,60.0
5.0,15.0,163.0,15.0,83.0,0.0,55.8,30.4,101.4,0.09146341463414634,5.1875,75.0
1.0,19.0,27.0,14.0,2.0,0.0,8.8,3.9000000000000004,15.400000000000002,0.5,0.1,14.0
4.0,21.0,182.0,0.0,59.0,1.0,43.8,19.7,100.60000000000001,0.0,2.6818181818181817,0.0
3.0,73.0,131.0,6.0,91.0,0.0,83.80000000000001,30.0,103.4,0.045454545454545456,1.2297297297297298,18.0
2.0,21.0,177.0,10.0,87.0,0.0,60.599999999999994,29.099999999999998,109.8,0.056179775280898875,3.9545454545454546,20.0
2.0,37.0,139.0,14.0,12.0,1.0,22.0,7.4,67.80000000000001,0.1,0.3157894736842105,28.0
5.0,36.0,145.0,10.0,52.0,0.0,45.6,20.1,86.0,0.0684931506849315,1.4054054054054055,50.0
1.0,84.0,50.0,2.0,95.0,1.0,90.6,29.4,74.8,0.0392156862745098,1.1176470588235294,2.0
4.0,71.0,73.0,10.0,73.0,0.0,72.2,25.9,72.60000000000001,0.13513513513513514,1.0138888888888888,40.0
3.0,2.0,107.0,10.0,94.0,1.0,57.199999999999996,31.7,80.80000000000001,0.09259259259259259,31.333333333333332,30.0
2.0,91.0,60.0,14.0,56.0,1.0,70.0,20.6,64.60000000000001,0.22950819672131148,0.6086956521739131,28.0
4.0,42.0,35.0,10.0,76.0,0.0,62.400000000000006,26.8,52.800000000000004,0.2777777777777778,1.7674418604651163,40.0
3.0,58.0,61.0,10.0,20.0,1.0,35.2,9.5,44.00000000000001,0.16129032258064516,0.3389830508474576,30.0
4.0,68.0,137.0,7.0,89.0,1.0,80.6,30.1,104.0,0.050724637681159424,1.289855072463768,28.0
4.0,94.0,61.0,8.0,55.0,1.0,70.6,20.1,65.2,0.12903225806451613,0.5789473684210527,32.0
5.0,83.0,107.0,8.0,79.0,0.0,80.6,27.799999999999997,91.0,0.07407407407407407,0.9404761904761905,40.0
2.0,7.0,29.0,10.0,55.0,0.0,35.8,19.5,35.0,0.3333333333333333,6.875,20.0
1.0,85.0,59.0,16.0,20.0,0.0,46.0,9.7,48.6,0.26666666666666666,0.23255813953488372,16.0
1.0,56.0,80.0,18.0,51.0,0.0,53.0,19.4,63.60000000000001,0.2222222222222222,0.8947368421052632,18.0
3.0,39.0,21.0,14.0,51.0,0.0,46.2,19.6,36.60000000000001,0.6363636363636364,1.275,42.0
2.0,25.0,100.0,2.0,26.0,0.0,25.6,9.2,55.4,0.019801980198019802,1.0,4.0
5.0,51.0,102.0,11.0,68.0,0.0,61.2,25.099999999999998,78.2,0.10679611650485436,1.3076923076923077,55.0
1.0,77.0,32.0,15.0,38.0,1.0,53.6,14.9,43.4,0.45454545454545453,0.48717948717948717,15.0
2.0,12.0,31.0,3.0,70.0,0.0,46.8,22.6,42.8,0.09375,5.384615384615385,6.0
2.0,74.0,79.0,7.0,36.0,0.0,51.2,13.2,60.8,0.0875,0.48,14.0
5.0,51.0,25.0,10.0,70.0,0.0,62.400000000000006,25.5,48.2,0.38461538461538464,1.3461538461538463,50.0
3.0,76.0,142.0,4.0,35.0,1.0,51.400000000000006,12.8,86.00000000000001,0.027972027972027972,0.45454545454545453,12.0
2.0,18.0,94.0,6.0,55.0,0.0,40.2,18.7,63.2,0.06315789473684211,2.8947368421052633,12.0
4.0,62.0,164.0,9.0,18.0,0.0,35.6,9.2,85.20000000000002,0.05454545454545454,0.2857142857142857,36.0
1.0,13.0,73.0,18.0,23.0,0.0,19.0,11.0,41.00000000000001,0.24324324324324326,1.6428571428571428,18.0
3.0,77.0,112.0,12.0,19.0,0.0,42.2,9.600000000000001,67.80000000000001,0.10619469026548672,0.24358974358974358,36.0
5.0,6.0,166.0,18.0,90.0,0.0,56.4,33.1,103.60000000000001,0.10778443113772455,12.857142857142858,90.0
4.0,60.0,62.0,18.0,5.0,0.0,27.0,7.1,38.8,0.2857142857142857,0.08196721311475409,72.0
2.0,62.0,54.0,5.0,51.0,0.0,55.4,17.299999999999997,54.4,0.09090909090909091,0.8095238095238095,10.0
3.0,78.0,163.0,1.0,87.0,0.0,83.4,27.799999999999997,115.6,0.006097560975609756,1.1012658227848102,3.0
2.0,29.0,87.0,18.0,56.0,0.0,45.2,21.4,63.0,0.20454545454545456,1.8666666666666667,36.0
3.0,80.0,198.0,10.0,85.0,0.0,83.0,29.0,129.2,0.05025125628140704,1.0493827160493827,30.0
5.0,81.0,87.0,17.0,74.0,0.0,76.8,28.1,80.60000000000001,0.19318181818181818,0.9024390243902439,85.0
5.0,31.0,19.0,9.0,85.0,0.0,63.4,29.8,47.800000000000004,0.45,2.65625,45.0
3.0,18.0,4.0,10.0,97.0,0.0,65.39999999999999,32.599999999999994,44.00000000000001,2.0,5.105263157894737,30.0
1.0,57.0,132.0,3.0,98.0,1.0,81.6,30.5,103.4,0.022556390977443608,1.6896551724137931,3.0
2.0,89.0,180.0,12.0,32.0,1.0,54.8,13.0,102.6,0.06629834254143646,0.35555555555555557,24.0
3.0,80.0,79.0,13.0,82.0,1.0,81.19999999999999,28.699999999999996,80.4,0.1625,1.0123456790123457,39.0
4.0,91.0,176.0,10.0,86.0,0.0,88.0,29.8,123.00000000000001,0.05649717514124294,0.9347826086956522,40.0
1.0,84.0,147.0,17.0,13.0,1.0,41.4,7.800000000000001,80.8,0.11486486486486487,0.15294117647058825,17.0
3.0,36.0,23.0,4.0,1.0,0.0,15.0,2.5999999999999996,16.8,0.16666666666666666,0.02702702702702703,12.0
1.0,30.0,107.0,6.0,71.0,1.0,54.6,23.0,77.2,0.05555555555555555,2.2903225806451615,6.0
1.0,70.0,3.0,1.0,34.0,0.0,48.4,10.899999999999999,28.8,0.25,0.4788732394366197,1.0
5.0,27.0,4.0,6.0,92.0,1.0,66.0,31.299999999999997,43.800000000000004,1.2,3.2857142857142856,30.0
1.0,40.0,136.0,10.0,79.0,0.0,63.4,26.2,94.0,0.072992700729927,1.9268292682926829,10.0
5.0,39.0,176.0,18.0,87.0,0.0,67.8,32.199999999999996,113.00000000000001,0.1016949152542373,2.175,90.0
4.0,75.0,54.0,16.0,5.0,1.0,33.0,6.7,38.6,0.2909090909090909,0.06578947368421052,64.0
1.0,69.0,18.0,18.0,21.0,1.0,40.2,10.399999999999999,29.400000000000002,0.9473684210526315,0.3,18.0
4.0,64.0,162.0,2.0,27.0,0.0,41.8,10.5,88.39999999999999,0.012269938650306749,0.4153846153846154,8.0
2.0,44.0,186.0,10.0,20.0,0.0,29.6,9.0,91.2,0.053475935828877004,0.4444444444444444,20.0
1.0,9.0,7.0,8.0,28.0,0.0,20.400000000000002,10.5,15.800000000000002,1.0,2.8,8.0
1.0,75.0,91.0,14.0,8.0,1.0,34.8,5.7,54.6,0.15217391304347827,0.10526315789473684,14.0
3.0,82.0,23.0,7.0,51.0,0.0,63.400000000000006,18.2,46.0,0.2916666666666667,0.6144578313253012,21.0
2.0,67.0,160.0,10.0,99.0,0.0,86.2,32.7,117.0,0.062111801242236024,1.4558823529411764,20.0
1.0,7.0,147.0,10.0,92.0,0.0,57.99999999999999,30.099999999999998,97.00000000000001,0.06756756756756757,11.5,10.0
2.0,6.0,90.0,15.0,49.0,1.0,31.799999999999997,18.7,56.800000000000004,0.16483516483516483,7.0,30.0
3.0,8.0,20.0,17.0,72.0,0.0,46.4,26.5,38.4,0.8095238095238095,8.0,51.0
5.0,79.0,88.0,4.0,19.0,0.0,43.0,9.0,58.60000000000001,0.0449438202247191,0.2375,20.0
1.0,23.0,120.0,9.0,43.0,0.0,35.0,15.2,69.8,0.0743801652892562,1.7916666666666667,9.0
3.0,52.0,40.0,2.0,4.0,0.0,23.2,3.0999999999999996,28.0,0.04878048780487805,0.07547169811320754,6.0
4.0,26.0,90.0,10.0,61.0,1.0,47.0,22.3,65.60000000000001,0.10989010989010989,2.259259259259259,40.0
1.0,74.0,137.0,7.0,22.0,0.0,42.8,8.5,78.4,0.050724637681159424,0.29333333333333333,7.0
5.0,74.0,188.0,19.0,41.0,0.0,54.2,18.6,106.4,0.10052910052910052,0.5466666666666666,95.0
2.0,27.0,128.0,2.0,66.0,1.0,50.400000000000006,21.2,83.00000000000001,0.015503875968992248,2.357142857142857,4.0
1.0,93.0,174.0,17.0,10.0,0.0,43.2,6.9,92.20000000000002,0.09714285714285714,0.10638297872340426,17.0
3.0,87.0,190.0,12.0,12.0,0.0,42.0,7.5,98.2,0.06282722513089005,0.13636363636363635,36.0
4.0,40.0,145.0,17.0,74.0,1.0,60.4,27.6,95.6,0.11643835616438356,1.8048780487804879,68.0
5.0,89.0,3.0,6.0,6.0,0.0,39.2,5.5,21.400000000000002,1.5,0.06666666666666667,30.0
1.0,18.0,102.0,17.0,33.0,0.0,27.0,13.8,57.60000000000001,0.1650485436893204,1.736842105263158,17.0
3.0,14.0,146.0,10.0,44.0,1.0,32.0,16.7,78.8,0.06802721088435375,2.933333333333333,30.0
1.0,11.0,172.0,8.0,41.0,0.0,29.0,14.399999999999999,87.4,0.046242774566473986,3.4166666666666665,8.0
1.0,90.0,79.0,3.0,53.0,0.0,67.8,17.0,70.80000000000001,0.0375,0.5824175824175825,3.0
2.0,29.0,105.0,14.0,87.0,0.0,63.8,29.9,82.60000000000001,0.1320754716981132,2.9,28.0
1.0,8.0,133.0,10.0,22.0,0.0,16.4,9.1,63.6,0.07462686567164178,2.4444444444444446,10.0
2.0,51.0,3.0,8.0,4.0,1.0,22.8,3.8,13.000000000000002,2.0,0.07692307692307693,16.0
5.0,30.0,1.0,13.0,62.0,1.0,49.199999999999996,23.699999999999996,31.2,6.5,2.0,65.0
5.0,23.0,190.0,13.0,70.0,0.0,51.2,26.1,108.6,0.06806282722513089,2.9166666666666665,65.0
1.0,85.0,12.0,13.0,97.0,0.0,92.19999999999999,32.199999999999996,60.60000000000001,1.0,1.127906976744186,13.0
2.0,61.0,131.0,10.0,97.0,0.0,82.6,32.099999999999994,103.40000000000002,0.07575757575757576,1.564516129032258,20.0
2.0,80.0,12.0,6.0,51.0,1.0,62.599999999999994,17.5,41.2,0.46153846153846156,0.6296296296296297,12.0
5.0,98.0,104.0,13.0,11.0,0.0,45.800000000000004,8.399999999999999,65.6,0.12380952380952381,0.1111111111111111,65.0
5.0,90.0,115.0,10.0,12.0,0.0,43.2,8.1,68.8,0.08620689655172414,0.13186813186813187,50.0
4.0,24.0,143.0,7.0,64.0,0.0,48.0,22.6,87.60000000000001,0.04861111111111111,2.56,28.0
5.0,97.0,80.0,5.0,76.0,1.0,84.4,26.3,81.80000000000001,0.06172839506172839,0.7755102040816326,25.0
3.0,42.0,46.0,17.0,3.0,0.0,18.6,5.800000000000001,28.0,0.3617021276595745,0.06976744186046512,51.0
1.0,87.0,155.0,6.0,36.0,0.0,56.400000000000006,12.5,93.80000000000001,0.038461538461538464,0.4090909090909091,6.0
1.0,41.0,110.0,12.0,51.0,0.0,47.0,18.2,72.60000000000001,0.10810810810810811,1.2142857142857142,12.0
5.0,14.0,102.0,19.0,50.0,0.0,35.6,21.3,63.6,0.18446601941747573,3.3333333333333335,95.0
2.0,29.0,57.0,11.0,67.0,1.0,51.8,23.299999999999997,55.400000000000006,0.1896551724137931,2.2333333333333334,22.0
1.0,74.0,162.0,10.0,78.0,0.0,76.4,25.9,110.8,0.06134969325153374,1.04,10.0
5.0,9.0,23.0,18.0,73.0,0.0,47.4,28.0,40.2,0.75,7.3,90.0
4.0,55.0,45.0,1.0,59.0,1.0,57.4,19.9,52.6,0.021739130434782608,1.0535714285714286,4.0
3.0,91.0,83.0,0.0,83.0,0.0,86.19999999999999,26.4,84.60000000000001,0.0,0.9021739130434783,0.0
3.0,70.0,171.0,6.0,79.0,0.0,75.4,26.4,114.0,0.03488372093023256,1.1126760563380282,18.0
4.0,2.0,191.0,12.0,99.0,0.0,60.199999999999996,34.1,116.4,0.0625,33.0,48.0
5.0,82.0,142.0,5.0,88.0,0.0,85.6,29.9,108.4,0.03496503496503497,1.0602409638554218,25.0
1.0,78.0,31.0,17.0,86.0,0.0,82.80000000000001,29.700000000000003,62.4,0.53125,1.0886075949367089,17.0
5.0,76.0,89.0,19.0,23.0,0.0,44.2,13.2,60.00000000000001,0.2111111111111111,0.2987012987012987,95.0
5.0,95.0,53.0,5.0,46.0,0.0,65.6,17.299999999999997,58.60000000000001,0.09259259259259259,0.4791666666666667,25.0
3.0,50.0,197.0,0.0,45.0,0.0,47.0,15.0,106.80000000000001,0.0,0.8823529411764706,0.0
4.0,54.0,102.0,14.0,10.0,1.0,27.6,7.800000000000001,55.60000000000001,0.13592233009708737,0.18181818181818182,56.0
3.0,0.0,18.0,12.0,64.0,1.0,38.4,23.1,32.800000000000004,0.631578947368421,64.0,36.0
2.0,51.0,29.0,18.0,64.0,0.0,58.8,23.799999999999997,47.400000000000006,0.6,1.2307692307692308,36.0
3.0,6.0,22.0,9.0,70.0,0.0,44.4,24.3,38.0,0.391304347826087,10.0,27.0
5.0,7.0,124.0,1.0,15.0,1.0,11.8,7.2,57.0,0.008,1.875,5.0
4.0,45.0,118.0,19.0,95.0,0.0,75.0,34.3,94.2,0.15966386554621848,2.0652173913043477,76.0
3.0,0.0,57.0,13.0,52.0,1.0,31.2,19.7,43.6,0.22413793103448276,52.0,39.0
1.0,65.0,148.0,15.0,62.0,0.0,63.199999999999996,22.099999999999998,97.0,0.10067114093959731,0.9393939393939394,15.0
2.0,93.0,60.0,6.0,15.0,1.0,46.2,6.7,48.6,0.09836065573770492,0.1595744680851064,12.0
2.0,66.0,26.0,11.0,51.0,1.0,57.0,18.5,44.00000000000001,0.4074074074074074,0.7611940298507462,22.0
2.0,58.0,5.0,16.0,4.0,0.0,25.6,5.4,15.200000000000001,2.6666666666666665,0.06779661016949153,32.0
5.0,11.0,145.0,7.0,18.0,0.0,15.2,9.3,67.4,0.04794520547945205,1.5,35.0
1.0,30.0,186.0,0.0,35.0,0.0,33.0,11.0,94.4,0.0,1.1290322580645162,0.0
2.0,99.0,161.0,1.0,75.0,1.0,84.6,23.7,114.2,0.006172839506172839,0.75,2.0
1.0,50.0,156.0,0.0,76.0,0.0,65.6,23.3,102.80000000000001,0.0,1.4901960784313726,0.0
3.0,68.0,120.0,17.0,34.0,0.0,47.6,15.1,75.2,0.14049586776859505,0.4927536231884058,51.0
2.0,17.0,86.0,9.0,28.0,0.0,23.6,11.2,49.0,0.10344827586206896,1.5555555555555556,18.0
3.0,86.0,102.0,19.0,40.0,1.0,58.4,17.3,74.0,0.18446601941747573,0.45977011494252873,57.0
1.0,6.0,128.0,17.0,68.0,0.0,43.199999999999996,24.299999999999997,79.60000000000001,0.13178294573643412,9.714285714285714,17.0
4.0,51.0,30.0,3.0,77.0,0.0,66.6,25.7,53.0,0.0967741935483871,1.4807692307692308,12.0
4.0,14.0,64.0,10.0,42.0,1.0,30.8,16.6,45.2,0.15384615384615385,2.8,40.0
4.0,86.0,198.0,10.0,3.0,0.0,36.199999999999996,4.9,97.60000000000001,0.05025125628140704,0.034482758620689655,40.0
3.0,23.0,164.0,17.0,17.0,0.0,19.4,10.0,77.0,0.10303030303030303,0.7083333333333334,51.0
5.0,32.0,100.0,14.0,23.0,0.0,26.6,12.2,55.6,0.13861386138613863,0.696969696969697,70.0
4.0,47.0,170.0,12.0,54.0,0.0,51.2,20.6,99.0,0.07017543859649122,1.125,48.0
5.0,93.0,191.0,1.0,68.0,0.0,78.0,23.099999999999998,122.20000000000002,0.005208333333333333,0.723404255319149,5.0
4.0,97.0,93.0,17.0,7.0,0.0,43.00000000000001,7.5,59.400000000000006,0.18085106382978725,0.07142857142857142,68.0
3.0,8.0,98.0,16.0,13.0,0.0,11.0,8.6,46.00000000000001,0.16161616161616163,1.4444444444444444,48.0
3.0,41.0,67.0,17.0,87.0,0.0,68.6,31.0,69.80000000000001,0.25,2.0714285714285716,51.0
2.0,30.0,132.0,11.0,46.0,1.0,39.599999999999994,17.0,77.2,0.08270676691729323,1.4838709677419355,22.0
3.0,63.0,16.0,8.0,88.0,1.0,78.0,29.5,54.2,0.47058823529411764,1.375,24.0
3.0,62.0,177.0,15.0,8.0,0.0,29.6,6.9,86.4,0.08426966292134831,0.12698412698412698,45.0
2.0,0.0,23.0,12.0,64.0,1.0,38.4,22.6,34.800000000000004,0.5,64.0,24.0
4.0,96.0,128.0,11.0,61.0,0.0,75.0,22.5,94.80000000000001,0.08527131782945736,0.6288659793814433,44.0
3.0,32.0,138.0,5.0,50.0,0.0,42.8,17.5,81.60000000000001,0.03597122302158273,1.5151515151515151,15.0
3.0,51.0,108.0,0.0,26.0,0.0,36.0,9.3,63.800000000000004,0.0,0.5,0.0
5.0,90.0,37.0,10.0,44.0,0.0,62.4,17.7,50.400000000000006,0.2631578947368421,0.4835164835164835,50.0
1.0,8.0,55.0,10.0,51.0,1.0,33.8,17.799999999999997,44.00000000000001,0.17857142857142858,5.666666666666667,10.0
3.0,4.0,95.0,0.0,51.0,0.0,32.199999999999996,16.799999999999997,59.2,0.0,10.2,0.0
1.0,53.0,130.0,8.0,0.0,0.0,21.200000000000003,2.1,62.6,0.061068702290076333,0.0,8.0
4.0,10.0,147.0,8.0,15.0,1.0,13.0,8.1,66.80000000000001,0.05405405405405406,1.3636363636363635,32.0
2.0,57.0,3.0,19.0,94.0,1.0,79.2,33.0,50.2,4.75,1.6206896551724137,38.0
4.0,30.0,77.0,16.0,37.0,1.0,34.2,16.3,51.6,0.20512820512820512,1.1935483870967742,64.0
5.0,42.0,121.0,17.0,11.0,0.0,23.4,9.2,61.2,0.13934426229508196,0.2558139534883721,85.0
3.0,32.0,198.0,12.0,59.0,1.0,48.2,21.6,109.20000000000002,0.06030150753768844,1.7878787878787878,36.0
4.0,28.0,160.0,9.0,57.0,0.0,45.4,20.9,92.39999999999999,0.055900621118012424,1.9655172413793103,36.0
2.0,2.0,185.0,11.0,32.0,0.0,20.0,12.8,87.2,0.05913978494623656,10.666666666666666,22.0
1.0,55.0,187.0,16.0,61.0,0.0,58.6,22.0,110.2,0.0851063829787234,1.0892857142857142,16.0
4.0,52.0,172.0,7.0,94.0,1.0,77.2,31.6,116.80000000000001,0.04046242774566474,1.7735849056603774,28.0
5.0,89.0,131.0,17.0,51.0,0.0,66.2,21.2,90.60000000000001,0.12878787878787878,0.5666666666666667,85.0
3.0,64.0,112.0,8.0,4.0,0.0,28.0,4.3,59.2,0.07079646017699115,0.06153846153846154,24.0
3.0,14.0,44.0,0.0,74.0,0.0,50.0,23.7,50.0,0.0,4.933333333333334,0.0
5.0,3.0,16.0,6.0,51.0,1.0,31.799999999999997,19.0,27.400000000000006,0.35294117647058826,12.75,30.0
1.0,51.0,113.0,19.0,39.0,0.0,43.8,16.0,71.0,0.16666666666666666,0.75,19.0
1.0,32.0,23.0,7.0,76.0,0.0,58.400000000000006,24.7,46.0,0.2916666666666667,2.303030303030303,7.0
1.0,80.0,150.0,13.0,19.0,0.0,43.4,8.8,83.6,0.08609271523178808,0.2345679012345679,13.0
4.0,22.0,156.0,11.0,89.0,0.0,62.2,30.9,102.4,0.07006369426751592,3.869565217391304,44.0
2.0,51.0,190.0,16.0,49.0,0.0,49.8,18.9,105.8,0.08376963350785341,0.9423076923076923,32.0
2.0,92.0,80.0,14.0,96.0,1.0,94.4,32.599999999999994,88.80000000000001,0.1728395061728395,1.032258064516129,28.0
4.0,78.0,58.0,11.0,51.0,1.0,61.8,19.5,59.20000000000001,0.1864406779661017,0.6455696202531646,44.0
1.0,84.0,182.0,18.0,28.0,0.0,50.400000000000006,12.5,100.8,0.09836065573770492,0.32941176470588235,18.0
3.0,46.0,64.0,7.0,34.0,0.0,38.8,13.1,48.400000000000006,0.1076923076923077,0.723404255319149,21.0
2.0,61.0,65.0,17.0,82.0,1.0,73.6,29.0,71.0,0.25757575757575757,1.3225806451612903,34.0
4.0,61.0,182.0,12.0,68.0,0.0,65.2,24.799999999999997,112.2,0.06557377049180328,1.096774193548387,48.0
3.0,88.0,175.0,6.0,4.0,0.0,37.6,3.9000000000000004,89.19999999999999,0.03409090909090909,0.0449438202247191,18.0
4.0,80.0,83.0,10.0,85.0,1.0,83.0,29.5,83.2,0.11904761904761904,1.0493827160493827,40.0
1.0,12.0,134.0,5.0,4.0,1.0,7.200000000000001,2.7,57.6,0.037037037037037035,0.3076923076923077,5.0
1.0,71.0,50.0,4.0,51.0,0.0,59.0,16.599999999999998,54.60000000000001,0.0784313725490196,0.7083333333333334,4.0
1.0,51.0,187.0,8.0,15.0,1.0,29.400000000000002,6.6,91.0,0.0425531914893617,0.28846153846153844,8.0
1.0,34.0,93.0,15.0,60.0,0.0,49.6,21.5,68.0,0.1595744680851064,1.7142857142857142,15.0
5.0,90.0,191.0,16.0,51.0,0.0,66.6,21.0,114.80000000000001,0.08333333333333333,0.5604395604395604,80.0
3.0,25.0,23.0,14.0,11.0,0.0,16.6,7.6000000000000005,18.6,0.5833333333333334,0.4230769230769231,42.0
4.0,50.0,109.0,14.0,90.0,0.0,74.0,31.8,89.6,0.12727272727272726,1.7647058823529411,56.0
4.0,3.0,56.0,13.0,95.0,0.0,58.2,33.1,61.00000000000001,0.22807017543859648,23.75,52.0
3.0,43.0,102.0,10.0,88.0,1.0,70.0,29.9,84.6,0.0970873786407767,2.0,30.0
4.0,51.0,19.0,5.0,97.0,0.0,78.6,32.099999999999994,56.60000000000001,0.25,1.8653846153846154,20.0
2.0,40.0,133.0,14.0,50.0,0.0,46.0,18.8,81.2,0.1044776119402985,1.2195121951219512,28.0
4.0,60.0,135.0,13.0,44.0,0.0,50.4,17.799999999999997,83.6,0.09558823529411764,0.7213114754098361,52.0
2.0,54.0,38.0,1.0,88.0,0.0,74.4,27.599999999999998,61.2,0.02564102564102564,1.6,2.0
3.0,1.0,59.0,12.0,6.0,0.0,3.9999999999999996,5.7,26.2,0.2,3.0,36.0
5.0,61.0,14.0,14.0,40.0,0.0,48.400000000000006,17.3,33.800000000000004,0.9333333333333333,0.6451612903225806,70.0
2.0,48.0,110.0,1.0,25.0,1.0,34.2,8.7,63.6,0.009009009009009009,0.5102040816326531,2.0
4.0,73.0,199.0,5.0,52.0,0.0,60.400000000000006,18.6,115.0,0.025,0.7027027027027027,20.0
4.0,64.0,115.0,10.0,91.0,0.0,80.2,31.3,95.2,0.08620689655172414,1.4,40.0
2.0,27.0,138.0,19.0,49.0,0.0,40.2,19.5,80.20000000000002,0.1366906474820144,1.75,38.0
4.0,93.0,46.0,16.0,67.0,1.0,77.4,25.299999999999997,63.800000000000004,0.3404255319148936,0.7127659574468085,64.0
5.0,47.0,25.0,8.0,53.0,1.0,50.599999999999994,20.0,40.6,0.3076923076923077,1.1041666666666667,40.0
5.0,15.0,78.0,11.0,93.0,0.0,61.8,32.6,71.4,0.13924050632911392,5.8125,55.0
3.0,13.0,64.0,13.0,99.0,0.0,64.6,33.8,67.8,0.2,7.071428571428571,39.0
1.0,50.0,13.0,15.0,31.0,0.0,38.599999999999994,12.799999999999999,27.6,1.0714285714285714,0.6078431372549019,15.0
5.0,78.0,117.0,15.0,50.0,0.0,61.2,20.5,82.4,0.1271186440677966,0.6329113924050633,75.0
2.0,51.0,110.0,15.0,93.0,1.0,76.2,31.9,91.4,0.13513513513513514,1.7884615384615385,30.0
4.0,23.0,152.0,5.0,9.0,0.0,14.600000000000001,5.699999999999999,69.0,0.032679738562091505,0.375,20.0
3.0,28.0,177.0,2.0,61.0,0.0,47.800000000000004,20.2,100.8,0.011235955056179775,2.103448275862069,6.0
2.0,99.0,101.0,0.0,90.0,0.0,93.6,28.0,96.2,0.0,0.9,0.0
1.0,97.0,37.0,16.0,65.0,0.0,77.80000000000001,23.2,60.2,0.42105263157894735,0.6632653061224489,16.0
1.0,67.0,102.0,2.0,17.0,0.0,37.0,6.0,61.00000000000001,0.019417475728155338,0.25,2.0
1.0,91.0,86.0,13.0,99.0,0.0,95.8,32.8,92.2,0.14942528735632185,1.076086956521739,13.0
5.0,29.0,10.0,9.0,75.0,0.0,56.6,26.8,39.8,0.8181818181818182,2.5,45.0
4.0,84.0,71.0,19.0,37.0,1.0,55.8,16.9,60.0,0.2638888888888889,0.43529411764705883,76.0
1.0,70.0,133.0,10.0,56.0,1.0,61.6,19.3,89.60000000000001,0.07462686567164178,0.7887323943661971,10.0
1.0,59.0,134.0,5.0,1.0,0.0,24.200000000000003,1.8,65.8,0.037037037037037035,0.016666666666666666,5.0
3.0,49.0,123.0,1.0,50.0,0.0,49.6,16.7,79.0,0.008064516129032258,1.0,3.0
4.0,38.0,14.0,9.0,40.0,1.0,39.2,15.8,29.200000000000003,0.6,1.0256410256410255,36.0
5.0,50.0,103.0,16.0,6.0,0.0,23.6,7.5,53.6,0.15384615384615385,0.11764705882352941,80.0
4.0,94.0,102.0,1.0,82.0,0.0,86.8,26.799999999999997,92.4,0.009708737864077669,0.8631578947368421,4.0
5.0,15.0,143.0,0.0,15.0,1.0,15.0,7.0,66.2,0.0,0.9375,0.0
1.0,92.0,72.0,7.0,40.0,0.0,60.800000000000004,13.9,63.2,0.0958904109589041,0.43010752688172044,7.0
4.0,95.0,139.0,13.0,12.0,1.0,45.2,8.2,79.4,0.09285714285714286,0.125,52.0
5.0,13.0,13.0,4.0,38.0,0.0,28.0,14.7,23.000000000000004,0.2857142857142857,2.7142857142857144,20.0
4.0,56.0,176.0,4.0,93.0,0.0,78.2,30.7,118.80000000000001,0.022598870056497175,1.631578947368421,16.0
2.0,77.0,69.0,7.0,13.0,0.0,38.6,6.300000000000001,48.2,0.1,0.16666666666666666,14.0
4.0,48.0,19.0,11.0,86.0,0.0,70.80000000000001,30.0,51.6,0.55,1.7551020408163265,44.0
3.0,30.0,28.0,16.0,75.0,1.0,57.0,27.2,47.2,0.5517241379310345,2.4193548387096775,48.0
3.0,67.0,97.0,1.0,21.0,0.0,39.4,8.0,60.6,0.01020408163265306,0.3088235294117647,3.0
5.0,75.0,139.0,10.0,6.0,0.0,33.6,6.3,73.0,0.07142857142857142,0.07894736842105263,50.0
3.0,43.0,129.0,5.0,68.0,1.0,58.0,22.9,87.4,0.038461538461538464,1.5454545454545454,15.0
3.0,46.0,139.0,16.0,62.0,1.0,55.599999999999994,23.299999999999997,89.60000000000001,0.11428571428571428,1.3191489361702127,48.0
1.0,44.0,185.0,8.0,65.0,0.0,56.6,21.6,108.8,0.043010752688172046,1.4444444444444444,8.0
3.0,51.0,154.0,0.0,74.0,0.0,64.8,23.7,101.4,0.0,1.4230769230769231,0.0
4.0,94.0,175.0,2.0,51.0,0.0,68.2,17.7,109.2,0.011363636363636364,0.5368421052631579,8.0
4.0,64.0,147.0,14.0,87.0,1.0,77.8,30.9,106.4,0.0945945945945946,1.3384615384615384,56.0
2.0,29.0,98.0,2.0,92.0,1.0,66.8,28.999999999999996,81.8,0.020202020202020204,3.066666666666667,4.0
1.0,51.0,81.0,5.0,95.0,0.0,77.4,30.0,80.60000000000001,0.06097560975609756,1.8269230769230769,5.0
3.0,15.0,166.0,13.0,19.0,0.0,17.4,9.8,77.0,0.07784431137724551,1.1875,39.0
1.0,51.0,183.0,1.0,34.0,0.0,40.8,10.899999999999999,97.00000000000001,0.005434782608695652,0.6538461538461539,1.0
4.0,51.0,152.0,18.0,3.0,0.0,22.200000000000003,6.5,72.2,0.11764705882352941,0.057692307692307696,72.0
